[0.089s] DEBUG:colcon:Command line arguments: ['/usr/bin/colcon', 'build', '--symlink-install']
[0.089s] DEBUG:colcon:Parsed command line arguments: Namespace(log_base=None, log_level=None, verb_name='build', build_base='build', install_base='install', merge_install=False, symlink_install=True, test_result_base=None, continue_on_error=False, executor='parallel', parallel_workers=22, event_handlers=None, ignore_user_meta=False, metas=['./colcon.meta'], base_paths=['.'], packages_ignore=None, packages_ignore_regex=None, paths=None, packages_up_to=None, packages_up_to_regex=None, packages_above=None, packages_above_and_dependencies=None, packages_above_depth=None, packages_select_by_dep=None, packages_skip_by_dep=None, packages_skip_up_to=None, packages_select_build_failed=False, packages_skip_build_finished=False, packages_select_test_failures=False, packages_skip_test_passed=False, packages_select=None, packages_skip=None, packages_select_regex=None, packages_skip_regex=None, packages_start=None, packages_end=None, allow_overriding=[], cmake_args=None, cmake_target=None, cmake_target_skip_unavailable=False, cmake_clean_cache=False, cmake_clean_first=False, cmake_force_configure=False, ament_cmake_args=None, catkin_cmake_args=None, catkin_skip_building_tests=False, verb_parser=<colcon_defaults.argument_parser.defaults.DefaultArgumentsDecorator object at 0x7b0b1f175a30>, verb_extension=<colcon_core.verb.build.BuildVerb object at 0x7b0b1f175880>, main=<bound method BuildVerb.main of <colcon_core.verb.build.BuildVerb object at 0x7b0b1f175880>>)
[0.113s] Level 1:colcon.colcon_core.package_discovery:discover_packages(colcon_meta) check parameters
[0.113s] Level 1:colcon.colcon_core.package_discovery:discover_packages(recursive) check parameters
[0.113s] Level 1:colcon.colcon_core.package_discovery:discover_packages(ignore) check parameters
[0.113s] Level 1:colcon.colcon_core.package_discovery:discover_packages(path) check parameters
[0.113s] Level 1:colcon.colcon_core.package_discovery:discover_packages(colcon_meta) discover
[0.113s] Level 1:colcon.colcon_core.package_discovery:discover_packages(recursive) discover
[0.113s] INFO:colcon.colcon_core.package_discovery:Crawling recursively for packages in '/home/namgeonwoo/COSHOW/ros2_ws'
[0.113s] Level 1:colcon.colcon_core.package_identification:_identify(.) by extensions ['ignore', 'ignore_ament_install']
[0.113s] Level 1:colcon.colcon_core.package_identification:_identify(.) by extension 'ignore'
[0.113s] Level 1:colcon.colcon_core.package_identification:_identify(.) by extension 'ignore_ament_install'
[0.113s] Level 1:colcon.colcon_core.package_identification:_identify(.) by extensions ['colcon_pkg']
[0.113s] Level 1:colcon.colcon_core.package_identification:_identify(.) by extension 'colcon_pkg'
[0.113s] Level 1:colcon.colcon_core.package_identification:_identify(.) by extensions ['colcon_meta']
[0.113s] Level 1:colcon.colcon_core.package_identification:_identify(.) by extension 'colcon_meta'
[0.113s] Level 1:colcon.colcon_core.package_identification:_identify(.) by extensions ['ros']
[0.113s] Level 1:colcon.colcon_core.package_identification:_identify(.) by extension 'ros'
[0.129s] Level 1:colcon.colcon_core.package_identification:_identify(.) by extensions ['cmake', 'python']
[0.129s] Level 1:colcon.colcon_core.package_identification:_identify(.) by extension 'cmake'
[0.129s] Level 1:colcon.colcon_core.package_identification:_identify(.) by extension 'python'
[0.129s] Level 1:colcon.colcon_core.package_identification:_identify(.) by extensions ['python_setup_py']
[0.129s] Level 1:colcon.colcon_core.package_identification:_identify(.) by extension 'python_setup_py'
[0.129s] Level 1:colcon.colcon_core.package_identification:_identify(build) by extensions ['ignore', 'ignore_ament_install']
[0.129s] Level 1:colcon.colcon_core.package_identification:_identify(build) by extension 'ignore'
[0.129s] Level 1:colcon.colcon_core.package_identification:_identify(build) ignored
[0.129s] Level 1:colcon.colcon_core.package_identification:_identify(install) by extensions ['ignore', 'ignore_ament_install']
[0.129s] Level 1:colcon.colcon_core.package_identification:_identify(install) by extension 'ignore'
[0.129s] Level 1:colcon.colcon_core.package_identification:_identify(install) ignored
[0.129s] Level 1:colcon.colcon_core.package_identification:_identify(log) by extensions ['ignore', 'ignore_ament_install']
[0.129s] Level 1:colcon.colcon_core.package_identification:_identify(log) by extension 'ignore'
[0.129s] Level 1:colcon.colcon_core.package_identification:_identify(log) ignored
[0.129s] Level 1:colcon.colcon_core.package_identification:_identify(src) by extensions ['ignore', 'ignore_ament_install']
[0.130s] Level 1:colcon.colcon_core.package_identification:_identify(src) by extension 'ignore'
[0.130s] Level 1:colcon.colcon_core.package_identification:_identify(src) by extension 'ignore_ament_install'
[0.130s] Level 1:colcon.colcon_core.package_identification:_identify(src) by extensions ['colcon_pkg']
[0.130s] Level 1:colcon.colcon_core.package_identification:_identify(src) by extension 'colcon_pkg'
[0.130s] Level 1:colcon.colcon_core.package_identification:_identify(src) by extensions ['colcon_meta']
[0.130s] Level 1:colcon.colcon_core.package_identification:_identify(src) by extension 'colcon_meta'
[0.130s] Level 1:colcon.colcon_core.package_identification:_identify(src) by extensions ['ros']
[0.130s] Level 1:colcon.colcon_core.package_identification:_identify(src) by extension 'ros'
[0.130s] Level 1:colcon.colcon_core.package_identification:_identify(src) by extensions ['cmake', 'python']
[0.130s] Level 1:colcon.colcon_core.package_identification:_identify(src) by extension 'cmake'
[0.130s] Level 1:colcon.colcon_core.package_identification:_identify(src) by extension 'python'
[0.130s] Level 1:colcon.colcon_core.package_identification:_identify(src) by extensions ['python_setup_py']
[0.130s] Level 1:colcon.colcon_core.package_identification:_identify(src) by extension 'python_setup_py'
[0.130s] Level 1:colcon.colcon_core.package_identification:_identify(src/crazyswarm2) by extensions ['ignore', 'ignore_ament_install']
[0.130s] Level 1:colcon.colcon_core.package_identification:_identify(src/crazyswarm2) by extension 'ignore'
[0.130s] Level 1:colcon.colcon_core.package_identification:_identify(src/crazyswarm2) by extension 'ignore_ament_install'
[0.130s] Level 1:colcon.colcon_core.package_identification:_identify(src/crazyswarm2) by extensions ['colcon_pkg']
[0.130s] Level 1:colcon.colcon_core.package_identification:_identify(src/crazyswarm2) by extension 'colcon_pkg'
[0.130s] Level 1:colcon.colcon_core.package_identification:_identify(src/crazyswarm2) by extensions ['colcon_meta']
[0.130s] Level 1:colcon.colcon_core.package_identification:_identify(src/crazyswarm2) by extension 'colcon_meta'
[0.130s] Level 1:colcon.colcon_core.package_identification:_identify(src/crazyswarm2) by extensions ['ros']
[0.130s] Level 1:colcon.colcon_core.package_identification:_identify(src/crazyswarm2) by extension 'ros'
[0.130s] Level 1:colcon.colcon_core.package_identification:_identify(src/crazyswarm2) by extensions ['cmake', 'python']
[0.130s] Level 1:colcon.colcon_core.package_identification:_identify(src/crazyswarm2) by extension 'cmake'
[0.130s] Level 1:colcon.colcon_core.package_identification:_identify(src/crazyswarm2) by extension 'python'
[0.130s] Level 1:colcon.colcon_core.package_identification:_identify(src/crazyswarm2) by extensions ['python_setup_py']
[0.130s] Level 1:colcon.colcon_core.package_identification:_identify(src/crazyswarm2) by extension 'python_setup_py'
[0.130s] Level 1:colcon.colcon_core.package_identification:_identify(src/crazyswarm2/crazyflie) by extensions ['ignore', 'ignore_ament_install']
[0.130s] Level 1:colcon.colcon_core.package_identification:_identify(src/crazyswarm2/crazyflie) by extension 'ignore'
[0.130s] Level 1:colcon.colcon_core.package_identification:_identify(src/crazyswarm2/crazyflie) by extension 'ignore_ament_install'
[0.130s] Level 1:colcon.colcon_core.package_identification:_identify(src/crazyswarm2/crazyflie) by extensions ['colcon_pkg']
[0.130s] Level 1:colcon.colcon_core.package_identification:_identify(src/crazyswarm2/crazyflie) by extension 'colcon_pkg'
[0.130s] Level 1:colcon.colcon_core.package_identification:_identify(src/crazyswarm2/crazyflie) by extensions ['colcon_meta']
[0.130s] Level 1:colcon.colcon_core.package_identification:_identify(src/crazyswarm2/crazyflie) by extension 'colcon_meta'
[0.130s] Level 1:colcon.colcon_core.package_identification:_identify(src/crazyswarm2/crazyflie) by extensions ['ros']
[0.130s] Level 1:colcon.colcon_core.package_identification:_identify(src/crazyswarm2/crazyflie) by extension 'ros'
[0.133s] DEBUG:colcon.colcon_core.package_identification:Package 'src/crazyswarm2/crazyflie' with type 'ros.ament_cmake' and name 'crazyflie'
[0.133s] Level 1:colcon.colcon_core.package_identification:_identify(src/crazyswarm2/crazyflie_description) by extensions ['ignore', 'ignore_ament_install']
[0.133s] Level 1:colcon.colcon_core.package_identification:_identify(src/crazyswarm2/crazyflie_description) by extension 'ignore'
[0.133s] Level 1:colcon.colcon_core.package_identification:_identify(src/crazyswarm2/crazyflie_description) by extension 'ignore_ament_install'
[0.133s] Level 1:colcon.colcon_core.package_identification:_identify(src/crazyswarm2/crazyflie_description) by extensions ['colcon_pkg']
[0.133s] Level 1:colcon.colcon_core.package_identification:_identify(src/crazyswarm2/crazyflie_description) by extension 'colcon_pkg'
[0.133s] Level 1:colcon.colcon_core.package_identification:_identify(src/crazyswarm2/crazyflie_description) by extensions ['colcon_meta']
[0.133s] Level 1:colcon.colcon_core.package_identification:_identify(src/crazyswarm2/crazyflie_description) by extension 'colcon_meta'
[0.133s] Level 1:colcon.colcon_core.package_identification:_identify(src/crazyswarm2/crazyflie_description) by extensions ['ros']
[0.133s] Level 1:colcon.colcon_core.package_identification:_identify(src/crazyswarm2/crazyflie_description) by extension 'ros'
[0.133s] DEBUG:colcon.colcon_core.package_identification:Package 'src/crazyswarm2/crazyflie_description' with type 'ros.ament_cmake' and name 'crazyflie_description'
[0.133s] Level 1:colcon.colcon_core.package_identification:_identify(src/crazyswarm2/crazyflie_examples) by extensions ['ignore', 'ignore_ament_install']
[0.133s] Level 1:colcon.colcon_core.package_identification:_identify(src/crazyswarm2/crazyflie_examples) by extension 'ignore'
[0.133s] Level 1:colcon.colcon_core.package_identification:_identify(src/crazyswarm2/crazyflie_examples) by extension 'ignore_ament_install'
[0.133s] Level 1:colcon.colcon_core.package_identification:_identify(src/crazyswarm2/crazyflie_examples) by extensions ['colcon_pkg']
[0.133s] Level 1:colcon.colcon_core.package_identification:_identify(src/crazyswarm2/crazyflie_examples) by extension 'colcon_pkg'
[0.133s] Level 1:colcon.colcon_core.package_identification:_identify(src/crazyswarm2/crazyflie_examples) by extensions ['colcon_meta']
[0.133s] Level 1:colcon.colcon_core.package_identification:_identify(src/crazyswarm2/crazyflie_examples) by extension 'colcon_meta'
[0.133s] Level 1:colcon.colcon_core.package_identification:_identify(src/crazyswarm2/crazyflie_examples) by extensions ['ros']
[0.133s] Level 1:colcon.colcon_core.package_identification:_identify(src/crazyswarm2/crazyflie_examples) by extension 'ros'
[0.134s] DEBUG:colcon.colcon_core.package_identification:Package 'src/crazyswarm2/crazyflie_examples' with type 'ros.ament_cmake' and name 'crazyflie_examples'
[0.134s] Level 1:colcon.colcon_core.package_identification:_identify(src/crazyswarm2/crazyflie_interfaces) by extensions ['ignore', 'ignore_ament_install']
[0.134s] Level 1:colcon.colcon_core.package_identification:_identify(src/crazyswarm2/crazyflie_interfaces) by extension 'ignore'
[0.134s] Level 1:colcon.colcon_core.package_identification:_identify(src/crazyswarm2/crazyflie_interfaces) by extension 'ignore_ament_install'
[0.134s] Level 1:colcon.colcon_core.package_identification:_identify(src/crazyswarm2/crazyflie_interfaces) by extensions ['colcon_pkg']
[0.134s] Level 1:colcon.colcon_core.package_identification:_identify(src/crazyswarm2/crazyflie_interfaces) by extension 'colcon_pkg'
[0.134s] Level 1:colcon.colcon_core.package_identification:_identify(src/crazyswarm2/crazyflie_interfaces) by extensions ['colcon_meta']
[0.134s] Level 1:colcon.colcon_core.package_identification:_identify(src/crazyswarm2/crazyflie_interfaces) by extension 'colcon_meta'
[0.134s] Level 1:colcon.colcon_core.package_identification:_identify(src/crazyswarm2/crazyflie_interfaces) by extensions ['ros']
[0.134s] Level 1:colcon.colcon_core.package_identification:_identify(src/crazyswarm2/crazyflie_interfaces) by extension 'ros'
[0.135s] DEBUG:colcon.colcon_core.package_identification:Package 'src/crazyswarm2/crazyflie_interfaces' with type 'ros.ament_cmake' and name 'crazyflie_interfaces'
[0.135s] Level 1:colcon.colcon_core.package_identification:_identify(src/crazyswarm2/crazyflie_py) by extensions ['ignore', 'ignore_ament_install']
[0.135s] Level 1:colcon.colcon_core.package_identification:_identify(src/crazyswarm2/crazyflie_py) by extension 'ignore'
[0.135s] Level 1:colcon.colcon_core.package_identification:_identify(src/crazyswarm2/crazyflie_py) by extension 'ignore_ament_install'
[0.135s] Level 1:colcon.colcon_core.package_identification:_identify(src/crazyswarm2/crazyflie_py) by extensions ['colcon_pkg']
[0.135s] Level 1:colcon.colcon_core.package_identification:_identify(src/crazyswarm2/crazyflie_py) by extension 'colcon_pkg'
[0.135s] Level 1:colcon.colcon_core.package_identification:_identify(src/crazyswarm2/crazyflie_py) by extensions ['colcon_meta']
[0.135s] Level 1:colcon.colcon_core.package_identification:_identify(src/crazyswarm2/crazyflie_py) by extension 'colcon_meta'
[0.135s] Level 1:colcon.colcon_core.package_identification:_identify(src/crazyswarm2/crazyflie_py) by extensions ['ros']
[0.135s] Level 1:colcon.colcon_core.package_identification:_identify(src/crazyswarm2/crazyflie_py) by extension 'ros'
[0.135s] DEBUG:colcon.colcon_core.package_identification:Package 'src/crazyswarm2/crazyflie_py' with type 'ros.ament_python' and name 'crazyflie_py'
[0.135s] Level 1:colcon.colcon_core.package_identification:_identify(src/crazyswarm2/crazyflie_server_cpp) by extensions ['ignore', 'ignore_ament_install']
[0.135s] Level 1:colcon.colcon_core.package_identification:_identify(src/crazyswarm2/crazyflie_server_cpp) by extension 'ignore'
[0.136s] Level 1:colcon.colcon_core.package_identification:_identify(src/crazyswarm2/crazyflie_server_cpp) by extension 'ignore_ament_install'
[0.136s] Level 1:colcon.colcon_core.package_identification:_identify(src/crazyswarm2/crazyflie_server_cpp) by extensions ['colcon_pkg']
[0.136s] Level 1:colcon.colcon_core.package_identification:_identify(src/crazyswarm2/crazyflie_server_cpp) by extension 'colcon_pkg'
[0.136s] Level 1:colcon.colcon_core.package_identification:_identify(src/crazyswarm2/crazyflie_server_cpp) by extensions ['colcon_meta']
[0.136s] Level 1:colcon.colcon_core.package_identification:_identify(src/crazyswarm2/crazyflie_server_cpp) by extension 'colcon_meta'
[0.136s] Level 1:colcon.colcon_core.package_identification:_identify(src/crazyswarm2/crazyflie_server_cpp) by extensions ['ros']
[0.136s] Level 1:colcon.colcon_core.package_identification:_identify(src/crazyswarm2/crazyflie_server_cpp) by extension 'ros'
[0.136s] DEBUG:colcon.colcon_core.package_identification:Package 'src/crazyswarm2/crazyflie_server_cpp' with type 'ros.ament_cmake' and name 'crazyflie_server_cpp'
[0.136s] Level 1:colcon.colcon_core.package_identification:_identify(src/crazyswarm2/crazyflie_server_py) by extensions ['ignore', 'ignore_ament_install']
[0.136s] Level 1:colcon.colcon_core.package_identification:_identify(src/crazyswarm2/crazyflie_server_py) by extension 'ignore'
[0.136s] Level 1:colcon.colcon_core.package_identification:_identify(src/crazyswarm2/crazyflie_server_py) by extension 'ignore_ament_install'
[0.136s] Level 1:colcon.colcon_core.package_identification:_identify(src/crazyswarm2/crazyflie_server_py) by extensions ['colcon_pkg']
[0.136s] Level 1:colcon.colcon_core.package_identification:_identify(src/crazyswarm2/crazyflie_server_py) by extension 'colcon_pkg'
[0.136s] Level 1:colcon.colcon_core.package_identification:_identify(src/crazyswarm2/crazyflie_server_py) by extensions ['colcon_meta']
[0.137s] Level 1:colcon.colcon_core.package_identification:_identify(src/crazyswarm2/crazyflie_server_py) by extension 'colcon_meta'
[0.137s] Level 1:colcon.colcon_core.package_identification:_identify(src/crazyswarm2/crazyflie_server_py) by extensions ['ros']
[0.137s] Level 1:colcon.colcon_core.package_identification:_identify(src/crazyswarm2/crazyflie_server_py) by extension 'ros'
[0.137s] DEBUG:colcon.colcon_core.package_identification:Package 'src/crazyswarm2/crazyflie_server_py' with type 'ros.ament_python' and name 'crazyflie_server_py'
[0.137s] Level 1:colcon.colcon_core.package_identification:_identify(src/crazyswarm2/crazyflie_sim) by extensions ['ignore', 'ignore_ament_install']
[0.137s] Level 1:colcon.colcon_core.package_identification:_identify(src/crazyswarm2/crazyflie_sim) by extension 'ignore'
[0.137s] Level 1:colcon.colcon_core.package_identification:_identify(src/crazyswarm2/crazyflie_sim) by extension 'ignore_ament_install'
[0.137s] Level 1:colcon.colcon_core.package_identification:_identify(src/crazyswarm2/crazyflie_sim) by extensions ['colcon_pkg']
[0.137s] Level 1:colcon.colcon_core.package_identification:_identify(src/crazyswarm2/crazyflie_sim) by extension 'colcon_pkg'
[0.137s] Level 1:colcon.colcon_core.package_identification:_identify(src/crazyswarm2/crazyflie_sim) by extensions ['colcon_meta']
[0.137s] Level 1:colcon.colcon_core.package_identification:_identify(src/crazyswarm2/crazyflie_sim) by extension 'colcon_meta'
[0.137s] Level 1:colcon.colcon_core.package_identification:_identify(src/crazyswarm2/crazyflie_sim) by extensions ['ros']
[0.137s] Level 1:colcon.colcon_core.package_identification:_identify(src/crazyswarm2/crazyflie_sim) by extension 'ros'
[0.138s] DEBUG:colcon.colcon_core.package_identification:Package 'src/crazyswarm2/crazyflie_sim' with type 'ros.ament_cmake' and name 'crazyflie_sim'
[0.138s] Level 1:colcon.colcon_core.package_identification:_identify(src/crazyswarm2/docs) by extensions ['ignore', 'ignore_ament_install']
[0.138s] Level 1:colcon.colcon_core.package_identification:_identify(src/crazyswarm2/docs) by extension 'ignore'
[0.138s] Level 1:colcon.colcon_core.package_identification:_identify(src/crazyswarm2/docs) by extension 'ignore_ament_install'
[0.138s] Level 1:colcon.colcon_core.package_identification:_identify(src/crazyswarm2/docs) by extensions ['colcon_pkg']
[0.138s] Level 1:colcon.colcon_core.package_identification:_identify(src/crazyswarm2/docs) by extension 'colcon_pkg'
[0.138s] Level 1:colcon.colcon_core.package_identification:_identify(src/crazyswarm2/docs) by extensions ['colcon_meta']
[0.138s] Level 1:colcon.colcon_core.package_identification:_identify(src/crazyswarm2/docs) by extension 'colcon_meta'
[0.138s] Level 1:colcon.colcon_core.package_identification:_identify(src/crazyswarm2/docs) by extensions ['ros']
[0.138s] Level 1:colcon.colcon_core.package_identification:_identify(src/crazyswarm2/docs) by extension 'ros'
[0.138s] Level 1:colcon.colcon_core.package_identification:_identify(src/crazyswarm2/docs) by extensions ['cmake', 'python']
[0.138s] Level 1:colcon.colcon_core.package_identification:_identify(src/crazyswarm2/docs) by extension 'cmake'
[0.138s] Level 1:colcon.colcon_core.package_identification:_identify(src/crazyswarm2/docs) by extension 'python'
[0.138s] Level 1:colcon.colcon_core.package_identification:_identify(src/crazyswarm2/docs) by extensions ['python_setup_py']
[0.138s] Level 1:colcon.colcon_core.package_identification:_identify(src/crazyswarm2/docs) by extension 'python_setup_py'
[0.138s] Level 1:colcon.colcon_core.package_identification:_identify(src/crazyswarm2/docs/generated) by extensions ['ignore', 'ignore_ament_install']
[0.138s] Level 1:colcon.colcon_core.package_identification:_identify(src/crazyswarm2/docs/generated) by extension 'ignore'
[0.138s] Level 1:colcon.colcon_core.package_identification:_identify(src/crazyswarm2/docs/generated) by extension 'ignore_ament_install'
[0.138s] Level 1:colcon.colcon_core.package_identification:_identify(src/crazyswarm2/docs/generated) by extensions ['colcon_pkg']
[0.138s] Level 1:colcon.colcon_core.package_identification:_identify(src/crazyswarm2/docs/generated) by extension 'colcon_pkg'
[0.138s] Level 1:colcon.colcon_core.package_identification:_identify(src/crazyswarm2/docs/generated) by extensions ['colcon_meta']
[0.138s] Level 1:colcon.colcon_core.package_identification:_identify(src/crazyswarm2/docs/generated) by extension 'colcon_meta'
[0.138s] Level 1:colcon.colcon_core.package_identification:_identify(src/crazyswarm2/docs/generated) by extensions ['ros']
[0.138s] Level 1:colcon.colcon_core.package_identification:_identify(src/crazyswarm2/docs/generated) by extension 'ros'
[0.138s] Level 1:colcon.colcon_core.package_identification:_identify(src/crazyswarm2/docs/generated) by extensions ['cmake', 'python']
[0.138s] Level 1:colcon.colcon_core.package_identification:_identify(src/crazyswarm2/docs/generated) by extension 'cmake'
[0.138s] Level 1:colcon.colcon_core.package_identification:_identify(src/crazyswarm2/docs/generated) by extension 'python'
[0.138s] Level 1:colcon.colcon_core.package_identification:_identify(src/crazyswarm2/docs/generated) by extensions ['python_setup_py']
[0.138s] Level 1:colcon.colcon_core.package_identification:_identify(src/crazyswarm2/docs/generated) by extension 'python_setup_py'
[0.139s] Level 1:colcon.colcon_core.package_identification:_identify(src/crazyswarm2/docs/howto) by extensions ['ignore', 'ignore_ament_install']
[0.139s] Level 1:colcon.colcon_core.package_identification:_identify(src/crazyswarm2/docs/howto) by extension 'ignore'
[0.139s] Level 1:colcon.colcon_core.package_identification:_identify(src/crazyswarm2/docs/howto) by extension 'ignore_ament_install'
[0.139s] Level 1:colcon.colcon_core.package_identification:_identify(src/crazyswarm2/docs/howto) by extensions ['colcon_pkg']
[0.139s] Level 1:colcon.colcon_core.package_identification:_identify(src/crazyswarm2/docs/howto) by extension 'colcon_pkg'
[0.139s] Level 1:colcon.colcon_core.package_identification:_identify(src/crazyswarm2/docs/howto) by extensions ['colcon_meta']
[0.139s] Level 1:colcon.colcon_core.package_identification:_identify(src/crazyswarm2/docs/howto) by extension 'colcon_meta'
[0.139s] Level 1:colcon.colcon_core.package_identification:_identify(src/crazyswarm2/docs/howto) by extensions ['ros']
[0.139s] Level 1:colcon.colcon_core.package_identification:_identify(src/crazyswarm2/docs/howto) by extension 'ros'
[0.139s] Level 1:colcon.colcon_core.package_identification:_identify(src/crazyswarm2/docs/howto) by extensions ['cmake', 'python']
[0.139s] Level 1:colcon.colcon_core.package_identification:_identify(src/crazyswarm2/docs/howto) by extension 'cmake'
[0.139s] Level 1:colcon.colcon_core.package_identification:_identify(src/crazyswarm2/docs/howto) by extension 'python'
[0.139s] Level 1:colcon.colcon_core.package_identification:_identify(src/crazyswarm2/docs/howto) by extensions ['python_setup_py']
[0.139s] Level 1:colcon.colcon_core.package_identification:_identify(src/crazyswarm2/docs/howto) by extension 'python_setup_py'
[0.139s] Level 1:colcon.colcon_core.package_identification:_identify(src/crazyswarm2/docs/images) by extensions ['ignore', 'ignore_ament_install']
[0.139s] Level 1:colcon.colcon_core.package_identification:_identify(src/crazyswarm2/docs/images) by extension 'ignore'
[0.139s] Level 1:colcon.colcon_core.package_identification:_identify(src/crazyswarm2/docs/images) by extension 'ignore_ament_install'
[0.139s] Level 1:colcon.colcon_core.package_identification:_identify(src/crazyswarm2/docs/images) by extensions ['colcon_pkg']
[0.139s] Level 1:colcon.colcon_core.package_identification:_identify(src/crazyswarm2/docs/images) by extension 'colcon_pkg'
[0.139s] Level 1:colcon.colcon_core.package_identification:_identify(src/crazyswarm2/docs/images) by extensions ['colcon_meta']
[0.139s] Level 1:colcon.colcon_core.package_identification:_identify(src/crazyswarm2/docs/images) by extension 'colcon_meta'
[0.139s] Level 1:colcon.colcon_core.package_identification:_identify(src/crazyswarm2/docs/images) by extensions ['ros']
[0.139s] Level 1:colcon.colcon_core.package_identification:_identify(src/crazyswarm2/docs/images) by extension 'ros'
[0.139s] Level 1:colcon.colcon_core.package_identification:_identify(src/crazyswarm2/docs/images) by extensions ['cmake', 'python']
[0.139s] Level 1:colcon.colcon_core.package_identification:_identify(src/crazyswarm2/docs/images) by extension 'cmake'
[0.139s] Level 1:colcon.colcon_core.package_identification:_identify(src/crazyswarm2/docs/images) by extension 'python'
[0.139s] Level 1:colcon.colcon_core.package_identification:_identify(src/crazyswarm2/docs/images) by extensions ['python_setup_py']
[0.139s] Level 1:colcon.colcon_core.package_identification:_identify(src/crazyswarm2/docs/images) by extension 'python_setup_py'
[0.139s] Level 1:colcon.colcon_core.package_identification:_identify(src/crazyswarm2/docs/tutorials) by extensions ['ignore', 'ignore_ament_install']
[0.139s] Level 1:colcon.colcon_core.package_identification:_identify(src/crazyswarm2/docs/tutorials) by extension 'ignore'
[0.139s] Level 1:colcon.colcon_core.package_identification:_identify(src/crazyswarm2/docs/tutorials) by extension 'ignore_ament_install'
[0.139s] Level 1:colcon.colcon_core.package_identification:_identify(src/crazyswarm2/docs/tutorials) by extensions ['colcon_pkg']
[0.139s] Level 1:colcon.colcon_core.package_identification:_identify(src/crazyswarm2/docs/tutorials) by extension 'colcon_pkg'
[0.139s] Level 1:colcon.colcon_core.package_identification:_identify(src/crazyswarm2/docs/tutorials) by extensions ['colcon_meta']
[0.139s] Level 1:colcon.colcon_core.package_identification:_identify(src/crazyswarm2/docs/tutorials) by extension 'colcon_meta'
[0.139s] Level 1:colcon.colcon_core.package_identification:_identify(src/crazyswarm2/docs/tutorials) by extensions ['ros']
[0.139s] Level 1:colcon.colcon_core.package_identification:_identify(src/crazyswarm2/docs/tutorials) by extension 'ros'
[0.139s] Level 1:colcon.colcon_core.package_identification:_identify(src/crazyswarm2/docs/tutorials) by extensions ['cmake', 'python']
[0.139s] Level 1:colcon.colcon_core.package_identification:_identify(src/crazyswarm2/docs/tutorials) by extension 'cmake'
[0.140s] Level 1:colcon.colcon_core.package_identification:_identify(src/crazyswarm2/docs/tutorials) by extension 'python'
[0.140s] Level 1:colcon.colcon_core.package_identification:_identify(src/crazyswarm2/docs/tutorials) by extensions ['python_setup_py']
[0.140s] Level 1:colcon.colcon_core.package_identification:_identify(src/crazyswarm2/docs/tutorials) by extension 'python_setup_py'
[0.140s] Level 1:colcon.colcon_core.package_identification:_identify(src/crazyswarm2/docs2) by extensions ['ignore', 'ignore_ament_install']
[0.140s] Level 1:colcon.colcon_core.package_identification:_identify(src/crazyswarm2/docs2) by extension 'ignore'
[0.140s] Level 1:colcon.colcon_core.package_identification:_identify(src/crazyswarm2/docs2) by extension 'ignore_ament_install'
[0.140s] Level 1:colcon.colcon_core.package_identification:_identify(src/crazyswarm2/docs2) by extensions ['colcon_pkg']
[0.140s] Level 1:colcon.colcon_core.package_identification:_identify(src/crazyswarm2/docs2) by extension 'colcon_pkg'
[0.140s] Level 1:colcon.colcon_core.package_identification:_identify(src/crazyswarm2/docs2) by extensions ['colcon_meta']
[0.140s] Level 1:colcon.colcon_core.package_identification:_identify(src/crazyswarm2/docs2) by extension 'colcon_meta'
[0.140s] Level 1:colcon.colcon_core.package_identification:_identify(src/crazyswarm2/docs2) by extensions ['ros']
[0.140s] Level 1:colcon.colcon_core.package_identification:_identify(src/crazyswarm2/docs2) by extension 'ros'
[0.140s] Level 1:colcon.colcon_core.package_identification:_identify(src/crazyswarm2/docs2) by extensions ['cmake', 'python']
[0.140s] Level 1:colcon.colcon_core.package_identification:_identify(src/crazyswarm2/docs2) by extension 'cmake'
[0.140s] Level 1:colcon.colcon_core.package_identification:_identify(src/crazyswarm2/docs2) by extension 'python'
[0.140s] Level 1:colcon.colcon_core.package_identification:_identify(src/crazyswarm2/docs2) by extensions ['python_setup_py']
[0.140s] Level 1:colcon.colcon_core.package_identification:_identify(src/crazyswarm2/docs2) by extension 'python_setup_py'
[0.140s] Level 1:colcon.colcon_core.package_identification:_identify(src/crazyswarm2/docs2/images) by extensions ['ignore', 'ignore_ament_install']
[0.140s] Level 1:colcon.colcon_core.package_identification:_identify(src/crazyswarm2/docs2/images) by extension 'ignore'
[0.140s] Level 1:colcon.colcon_core.package_identification:_identify(src/crazyswarm2/docs2/images) by extension 'ignore_ament_install'
[0.140s] Level 1:colcon.colcon_core.package_identification:_identify(src/crazyswarm2/docs2/images) by extensions ['colcon_pkg']
[0.140s] Level 1:colcon.colcon_core.package_identification:_identify(src/crazyswarm2/docs2/images) by extension 'colcon_pkg'
[0.140s] Level 1:colcon.colcon_core.package_identification:_identify(src/crazyswarm2/docs2/images) by extensions ['colcon_meta']
[0.140s] Level 1:colcon.colcon_core.package_identification:_identify(src/crazyswarm2/docs2/images) by extension 'colcon_meta'
[0.140s] Level 1:colcon.colcon_core.package_identification:_identify(src/crazyswarm2/docs2/images) by extensions ['ros']
[0.140s] Level 1:colcon.colcon_core.package_identification:_identify(src/crazyswarm2/docs2/images) by extension 'ros'
[0.140s] Level 1:colcon.colcon_core.package_identification:_identify(src/crazyswarm2/docs2/images) by extensions ['cmake', 'python']
[0.140s] Level 1:colcon.colcon_core.package_identification:_identify(src/crazyswarm2/docs2/images) by extension 'cmake'
[0.140s] Level 1:colcon.colcon_core.package_identification:_identify(src/crazyswarm2/docs2/images) by extension 'python'
[0.140s] Level 1:colcon.colcon_core.package_identification:_identify(src/crazyswarm2/docs2/images) by extensions ['python_setup_py']
[0.140s] Level 1:colcon.colcon_core.package_identification:_identify(src/crazyswarm2/docs2/images) by extension 'python_setup_py'
[0.140s] Level 1:colcon.colcon_core.package_identification:_identify(src/crazyswarm2/prebuilt) by extensions ['ignore', 'ignore_ament_install']
[0.140s] Level 1:colcon.colcon_core.package_identification:_identify(src/crazyswarm2/prebuilt) by extension 'ignore'
[0.140s] Level 1:colcon.colcon_core.package_identification:_identify(src/crazyswarm2/prebuilt) by extension 'ignore_ament_install'
[0.140s] Level 1:colcon.colcon_core.package_identification:_identify(src/crazyswarm2/prebuilt) by extensions ['colcon_pkg']
[0.140s] Level 1:colcon.colcon_core.package_identification:_identify(src/crazyswarm2/prebuilt) by extension 'colcon_pkg'
[0.141s] Level 1:colcon.colcon_core.package_identification:_identify(src/crazyswarm2/prebuilt) by extensions ['colcon_meta']
[0.141s] Level 1:colcon.colcon_core.package_identification:_identify(src/crazyswarm2/prebuilt) by extension 'colcon_meta'
[0.141s] Level 1:colcon.colcon_core.package_identification:_identify(src/crazyswarm2/prebuilt) by extensions ['ros']
[0.141s] Level 1:colcon.colcon_core.package_identification:_identify(src/crazyswarm2/prebuilt) by extension 'ros'
[0.141s] Level 1:colcon.colcon_core.package_identification:_identify(src/crazyswarm2/prebuilt) by extensions ['cmake', 'python']
[0.141s] Level 1:colcon.colcon_core.package_identification:_identify(src/crazyswarm2/prebuilt) by extension 'cmake'
[0.141s] Level 1:colcon.colcon_core.package_identification:_identify(src/crazyswarm2/prebuilt) by extension 'python'
[0.141s] Level 1:colcon.colcon_core.package_identification:_identify(src/crazyswarm2/prebuilt) by extensions ['python_setup_py']
[0.141s] Level 1:colcon.colcon_core.package_identification:_identify(src/crazyswarm2/prebuilt) by extension 'python_setup_py'
[0.141s] Level 1:colcon.colcon_core.package_identification:_identify(src/crazyswarm2/ros_ws) by extensions ['ignore', 'ignore_ament_install']
[0.141s] Level 1:colcon.colcon_core.package_identification:_identify(src/crazyswarm2/ros_ws) by extension 'ignore'
[0.141s] Level 1:colcon.colcon_core.package_identification:_identify(src/crazyswarm2/ros_ws) by extension 'ignore_ament_install'
[0.141s] Level 1:colcon.colcon_core.package_identification:_identify(src/crazyswarm2/ros_ws) by extensions ['colcon_pkg']
[0.141s] Level 1:colcon.colcon_core.package_identification:_identify(src/crazyswarm2/ros_ws) by extension 'colcon_pkg'
[0.141s] Level 1:colcon.colcon_core.package_identification:_identify(src/crazyswarm2/ros_ws) by extensions ['colcon_meta']
[0.141s] Level 1:colcon.colcon_core.package_identification:_identify(src/crazyswarm2/ros_ws) by extension 'colcon_meta'
[0.141s] Level 1:colcon.colcon_core.package_identification:_identify(src/crazyswarm2/ros_ws) by extensions ['ros']
[0.141s] Level 1:colcon.colcon_core.package_identification:_identify(src/crazyswarm2/ros_ws) by extension 'ros'
[0.141s] Level 1:colcon.colcon_core.package_identification:_identify(src/crazyswarm2/ros_ws) by extensions ['cmake', 'python']
[0.141s] Level 1:colcon.colcon_core.package_identification:_identify(src/crazyswarm2/ros_ws) by extension 'cmake'
[0.141s] Level 1:colcon.colcon_core.package_identification:_identify(src/crazyswarm2/ros_ws) by extension 'python'
[0.141s] Level 1:colcon.colcon_core.package_identification:_identify(src/crazyswarm2/ros_ws) by extensions ['python_setup_py']
[0.141s] Level 1:colcon.colcon_core.package_identification:_identify(src/crazyswarm2/ros_ws) by extension 'python_setup_py'
[0.141s] Level 1:colcon.colcon_core.package_identification:_identify(src/crazyswarm2/ros_ws/src) by extensions ['ignore', 'ignore_ament_install']
[0.141s] Level 1:colcon.colcon_core.package_identification:_identify(src/crazyswarm2/ros_ws/src) by extension 'ignore'
[0.141s] Level 1:colcon.colcon_core.package_identification:_identify(src/crazyswarm2/ros_ws/src) by extension 'ignore_ament_install'
[0.141s] Level 1:colcon.colcon_core.package_identification:_identify(src/crazyswarm2/ros_ws/src) by extensions ['colcon_pkg']
[0.141s] Level 1:colcon.colcon_core.package_identification:_identify(src/crazyswarm2/ros_ws/src) by extension 'colcon_pkg'
[0.141s] Level 1:colcon.colcon_core.package_identification:_identify(src/crazyswarm2/ros_ws/src) by extensions ['colcon_meta']
[0.141s] Level 1:colcon.colcon_core.package_identification:_identify(src/crazyswarm2/ros_ws/src) by extension 'colcon_meta'
[0.141s] Level 1:colcon.colcon_core.package_identification:_identify(src/crazyswarm2/ros_ws/src) by extensions ['ros']
[0.141s] Level 1:colcon.colcon_core.package_identification:_identify(src/crazyswarm2/ros_ws/src) by extension 'ros'
[0.141s] Level 1:colcon.colcon_core.package_identification:_identify(src/crazyswarm2/ros_ws/src) by extensions ['cmake', 'python']
[0.141s] Level 1:colcon.colcon_core.package_identification:_identify(src/crazyswarm2/ros_ws/src) by extension 'cmake'
[0.141s] Level 1:colcon.colcon_core.package_identification:_identify(src/crazyswarm2/ros_ws/src) by extension 'python'
[0.141s] Level 1:colcon.colcon_core.package_identification:_identify(src/crazyswarm2/ros_ws/src) by extensions ['python_setup_py']
[0.141s] Level 1:colcon.colcon_core.package_identification:_identify(src/crazyswarm2/ros_ws/src) by extension 'python_setup_py'
[0.141s] Level 1:colcon.colcon_core.package_identification:_identify(src/crazyswarm2/ros_ws/src/crazyswarm) by extensions ['ignore', 'ignore_ament_install']
[0.141s] Level 1:colcon.colcon_core.package_identification:_identify(src/crazyswarm2/ros_ws/src/crazyswarm) by extension 'ignore'
[0.141s] Level 1:colcon.colcon_core.package_identification:_identify(src/crazyswarm2/ros_ws/src/crazyswarm) by extension 'ignore_ament_install'
[0.142s] Level 1:colcon.colcon_core.package_identification:_identify(src/crazyswarm2/ros_ws/src/crazyswarm) by extensions ['colcon_pkg']
[0.142s] Level 1:colcon.colcon_core.package_identification:_identify(src/crazyswarm2/ros_ws/src/crazyswarm) by extension 'colcon_pkg'
[0.142s] Level 1:colcon.colcon_core.package_identification:_identify(src/crazyswarm2/ros_ws/src/crazyswarm) by extensions ['colcon_meta']
[0.142s] Level 1:colcon.colcon_core.package_identification:_identify(src/crazyswarm2/ros_ws/src/crazyswarm) by extension 'colcon_meta'
[0.142s] Level 1:colcon.colcon_core.package_identification:_identify(src/crazyswarm2/ros_ws/src/crazyswarm) by extensions ['ros']
[0.142s] Level 1:colcon.colcon_core.package_identification:_identify(src/crazyswarm2/ros_ws/src/crazyswarm) by extension 'ros'
[0.142s] Level 1:colcon.colcon_core.package_identification:_identify(src/crazyswarm2/ros_ws/src/crazyswarm) by extensions ['cmake', 'python']
[0.142s] Level 1:colcon.colcon_core.package_identification:_identify(src/crazyswarm2/ros_ws/src/crazyswarm) by extension 'cmake'
[0.142s] Level 1:colcon.colcon_core.package_identification:_identify(src/crazyswarm2/ros_ws/src/crazyswarm) by extension 'python'
[0.142s] Level 1:colcon.colcon_core.package_identification:_identify(src/crazyswarm2/ros_ws/src/crazyswarm) by extensions ['python_setup_py']
[0.142s] Level 1:colcon.colcon_core.package_identification:_identify(src/crazyswarm2/ros_ws/src/crazyswarm) by extension 'python_setup_py'
[0.142s] Level 1:colcon.colcon_core.package_identification:_identify(src/crazyswarm2/ros_ws/src/crazyswarm/launch) by extensions ['ignore', 'ignore_ament_install']
[0.142s] Level 1:colcon.colcon_core.package_identification:_identify(src/crazyswarm2/ros_ws/src/crazyswarm/launch) by extension 'ignore'
[0.142s] Level 1:colcon.colcon_core.package_identification:_identify(src/crazyswarm2/ros_ws/src/crazyswarm/launch) by extension 'ignore_ament_install'
[0.142s] Level 1:colcon.colcon_core.package_identification:_identify(src/crazyswarm2/ros_ws/src/crazyswarm/launch) by extensions ['colcon_pkg']
[0.142s] Level 1:colcon.colcon_core.package_identification:_identify(src/crazyswarm2/ros_ws/src/crazyswarm/launch) by extension 'colcon_pkg'
[0.142s] Level 1:colcon.colcon_core.package_identification:_identify(src/crazyswarm2/ros_ws/src/crazyswarm/launch) by extensions ['colcon_meta']
[0.142s] Level 1:colcon.colcon_core.package_identification:_identify(src/crazyswarm2/ros_ws/src/crazyswarm/launch) by extension 'colcon_meta'
[0.142s] Level 1:colcon.colcon_core.package_identification:_identify(src/crazyswarm2/ros_ws/src/crazyswarm/launch) by extensions ['ros']
[0.142s] Level 1:colcon.colcon_core.package_identification:_identify(src/crazyswarm2/ros_ws/src/crazyswarm/launch) by extension 'ros'
[0.142s] Level 1:colcon.colcon_core.package_identification:_identify(src/crazyswarm2/ros_ws/src/crazyswarm/launch) by extensions ['cmake', 'python']
[0.142s] Level 1:colcon.colcon_core.package_identification:_identify(src/crazyswarm2/ros_ws/src/crazyswarm/launch) by extension 'cmake'
[0.142s] Level 1:colcon.colcon_core.package_identification:_identify(src/crazyswarm2/ros_ws/src/crazyswarm/launch) by extension 'python'
[0.142s] Level 1:colcon.colcon_core.package_identification:_identify(src/crazyswarm2/ros_ws/src/crazyswarm/launch) by extensions ['python_setup_py']
[0.142s] Level 1:colcon.colcon_core.package_identification:_identify(src/crazyswarm2/ros_ws/src/crazyswarm/launch) by extension 'python_setup_py'
[0.142s] Level 1:colcon.colcon_core.package_identification:_identify(src/crazyswarm2/ros_ws/src/crazyswarm/scripts) by extensions ['ignore', 'ignore_ament_install']
[0.142s] Level 1:colcon.colcon_core.package_identification:_identify(src/crazyswarm2/ros_ws/src/crazyswarm/scripts) by extension 'ignore'
[0.142s] Level 1:colcon.colcon_core.package_identification:_identify(src/crazyswarm2/ros_ws/src/crazyswarm/scripts) by extension 'ignore_ament_install'
[0.142s] Level 1:colcon.colcon_core.package_identification:_identify(src/crazyswarm2/ros_ws/src/crazyswarm/scripts) by extensions ['colcon_pkg']
[0.142s] Level 1:colcon.colcon_core.package_identification:_identify(src/crazyswarm2/ros_ws/src/crazyswarm/scripts) by extension 'colcon_pkg'
[0.142s] Level 1:colcon.colcon_core.package_identification:_identify(src/crazyswarm2/ros_ws/src/crazyswarm/scripts) by extensions ['colcon_meta']
[0.142s] Level 1:colcon.colcon_core.package_identification:_identify(src/crazyswarm2/ros_ws/src/crazyswarm/scripts) by extension 'colcon_meta'
[0.142s] Level 1:colcon.colcon_core.package_identification:_identify(src/crazyswarm2/ros_ws/src/crazyswarm/scripts) by extensions ['ros']
[0.142s] Level 1:colcon.colcon_core.package_identification:_identify(src/crazyswarm2/ros_ws/src/crazyswarm/scripts) by extension 'ros'
[0.142s] Level 1:colcon.colcon_core.package_identification:_identify(src/crazyswarm2/ros_ws/src/crazyswarm/scripts) by extensions ['cmake', 'python']
[0.142s] Level 1:colcon.colcon_core.package_identification:_identify(src/crazyswarm2/ros_ws/src/crazyswarm/scripts) by extension 'cmake'
[0.142s] Level 1:colcon.colcon_core.package_identification:_identify(src/crazyswarm2/ros_ws/src/crazyswarm/scripts) by extension 'python'
[0.142s] Level 1:colcon.colcon_core.package_identification:_identify(src/crazyswarm2/ros_ws/src/crazyswarm/scripts) by extensions ['python_setup_py']
[0.142s] Level 1:colcon.colcon_core.package_identification:_identify(src/crazyswarm2/ros_ws/src/crazyswarm/scripts) by extension 'python_setup_py'
[0.143s] Level 1:colcon.colcon_core.package_identification:_identify(src/crazyswarm2/ros_ws/src/crazyswarm/scripts/crossing2_pps) by extensions ['ignore', 'ignore_ament_install']
[0.143s] Level 1:colcon.colcon_core.package_identification:_identify(src/crazyswarm2/ros_ws/src/crazyswarm/scripts/crossing2_pps) by extension 'ignore'
[0.143s] Level 1:colcon.colcon_core.package_identification:_identify(src/crazyswarm2/ros_ws/src/crazyswarm/scripts/crossing2_pps) by extension 'ignore_ament_install'
[0.143s] Level 1:colcon.colcon_core.package_identification:_identify(src/crazyswarm2/ros_ws/src/crazyswarm/scripts/crossing2_pps) by extensions ['colcon_pkg']
[0.143s] Level 1:colcon.colcon_core.package_identification:_identify(src/crazyswarm2/ros_ws/src/crazyswarm/scripts/crossing2_pps) by extension 'colcon_pkg'
[0.143s] Level 1:colcon.colcon_core.package_identification:_identify(src/crazyswarm2/ros_ws/src/crazyswarm/scripts/crossing2_pps) by extensions ['colcon_meta']
[0.143s] Level 1:colcon.colcon_core.package_identification:_identify(src/crazyswarm2/ros_ws/src/crazyswarm/scripts/crossing2_pps) by extension 'colcon_meta'
[0.143s] Level 1:colcon.colcon_core.package_identification:_identify(src/crazyswarm2/ros_ws/src/crazyswarm/scripts/crossing2_pps) by extensions ['ros']
[0.143s] Level 1:colcon.colcon_core.package_identification:_identify(src/crazyswarm2/ros_ws/src/crazyswarm/scripts/crossing2_pps) by extension 'ros'
[0.143s] Level 1:colcon.colcon_core.package_identification:_identify(src/crazyswarm2/ros_ws/src/crazyswarm/scripts/crossing2_pps) by extensions ['cmake', 'python']
[0.143s] Level 1:colcon.colcon_core.package_identification:_identify(src/crazyswarm2/ros_ws/src/crazyswarm/scripts/crossing2_pps) by extension 'cmake'
[0.143s] Level 1:colcon.colcon_core.package_identification:_identify(src/crazyswarm2/ros_ws/src/crazyswarm/scripts/crossing2_pps) by extension 'python'
[0.143s] Level 1:colcon.colcon_core.package_identification:_identify(src/crazyswarm2/ros_ws/src/crazyswarm/scripts/crossing2_pps) by extensions ['python_setup_py']
[0.143s] Level 1:colcon.colcon_core.package_identification:_identify(src/crazyswarm2/ros_ws/src/crazyswarm/scripts/crossing2_pps) by extension 'python_setup_py'
[0.143s] Level 1:colcon.colcon_core.package_identification:_identify(src/crazyswarm2/ros_ws/src/crazyswarm/scripts/crossing4_pps) by extensions ['ignore', 'ignore_ament_install']
[0.143s] Level 1:colcon.colcon_core.package_identification:_identify(src/crazyswarm2/ros_ws/src/crazyswarm/scripts/crossing4_pps) by extension 'ignore'
[0.143s] Level 1:colcon.colcon_core.package_identification:_identify(src/crazyswarm2/ros_ws/src/crazyswarm/scripts/crossing4_pps) by extension 'ignore_ament_install'
[0.143s] Level 1:colcon.colcon_core.package_identification:_identify(src/crazyswarm2/ros_ws/src/crazyswarm/scripts/crossing4_pps) by extensions ['colcon_pkg']
[0.143s] Level 1:colcon.colcon_core.package_identification:_identify(src/crazyswarm2/ros_ws/src/crazyswarm/scripts/crossing4_pps) by extension 'colcon_pkg'
[0.143s] Level 1:colcon.colcon_core.package_identification:_identify(src/crazyswarm2/ros_ws/src/crazyswarm/scripts/crossing4_pps) by extensions ['colcon_meta']
[0.143s] Level 1:colcon.colcon_core.package_identification:_identify(src/crazyswarm2/ros_ws/src/crazyswarm/scripts/crossing4_pps) by extension 'colcon_meta'
[0.143s] Level 1:colcon.colcon_core.package_identification:_identify(src/crazyswarm2/ros_ws/src/crazyswarm/scripts/crossing4_pps) by extensions ['ros']
[0.143s] Level 1:colcon.colcon_core.package_identification:_identify(src/crazyswarm2/ros_ws/src/crazyswarm/scripts/crossing4_pps) by extension 'ros'
[0.143s] Level 1:colcon.colcon_core.package_identification:_identify(src/crazyswarm2/ros_ws/src/crazyswarm/scripts/crossing4_pps) by extensions ['cmake', 'python']
[0.143s] Level 1:colcon.colcon_core.package_identification:_identify(src/crazyswarm2/ros_ws/src/crazyswarm/scripts/crossing4_pps) by extension 'cmake'
[0.143s] Level 1:colcon.colcon_core.package_identification:_identify(src/crazyswarm2/ros_ws/src/crazyswarm/scripts/crossing4_pps) by extension 'python'
[0.143s] Level 1:colcon.colcon_core.package_identification:_identify(src/crazyswarm2/ros_ws/src/crazyswarm/scripts/crossing4_pps) by extensions ['python_setup_py']
[0.143s] Level 1:colcon.colcon_core.package_identification:_identify(src/crazyswarm2/ros_ws/src/crazyswarm/scripts/crossing4_pps) by extension 'python_setup_py'
[0.143s] Level 1:colcon.colcon_core.package_identification:_identify(src/crazyswarm2/ros_ws/src/crazyswarm/scripts/sequence_trajectories) by extensions ['ignore', 'ignore_ament_install']
[0.143s] Level 1:colcon.colcon_core.package_identification:_identify(src/crazyswarm2/ros_ws/src/crazyswarm/scripts/sequence_trajectories) by extension 'ignore'
[0.143s] Level 1:colcon.colcon_core.package_identification:_identify(src/crazyswarm2/ros_ws/src/crazyswarm/scripts/sequence_trajectories) by extension 'ignore_ament_install'
[0.143s] Level 1:colcon.colcon_core.package_identification:_identify(src/crazyswarm2/ros_ws/src/crazyswarm/scripts/sequence_trajectories) by extensions ['colcon_pkg']
[0.143s] Level 1:colcon.colcon_core.package_identification:_identify(src/crazyswarm2/ros_ws/src/crazyswarm/scripts/sequence_trajectories) by extension 'colcon_pkg'
[0.143s] Level 1:colcon.colcon_core.package_identification:_identify(src/crazyswarm2/ros_ws/src/crazyswarm/scripts/sequence_trajectories) by extensions ['colcon_meta']
[0.143s] Level 1:colcon.colcon_core.package_identification:_identify(src/crazyswarm2/ros_ws/src/crazyswarm/scripts/sequence_trajectories) by extension 'colcon_meta'
[0.143s] Level 1:colcon.colcon_core.package_identification:_identify(src/crazyswarm2/ros_ws/src/crazyswarm/scripts/sequence_trajectories) by extensions ['ros']
[0.143s] Level 1:colcon.colcon_core.package_identification:_identify(src/crazyswarm2/ros_ws/src/crazyswarm/scripts/sequence_trajectories) by extension 'ros'
[0.144s] Level 1:colcon.colcon_core.package_identification:_identify(src/crazyswarm2/ros_ws/src/crazyswarm/scripts/sequence_trajectories) by extensions ['cmake', 'python']
[0.144s] Level 1:colcon.colcon_core.package_identification:_identify(src/crazyswarm2/ros_ws/src/crazyswarm/scripts/sequence_trajectories) by extension 'cmake'
[0.144s] Level 1:colcon.colcon_core.package_identification:_identify(src/crazyswarm2/ros_ws/src/crazyswarm/scripts/sequence_trajectories) by extension 'python'
[0.144s] Level 1:colcon.colcon_core.package_identification:_identify(src/crazyswarm2/ros_ws/src/crazyswarm/scripts/sequence_trajectories) by extensions ['python_setup_py']
[0.144s] Level 1:colcon.colcon_core.package_identification:_identify(src/crazyswarm2/ros_ws/src/crazyswarm/scripts/sequence_trajectories) by extension 'python_setup_py'
[0.144s] Level 1:colcon.colcon_core.package_identification:_identify(src/crazyswarm2/ros_ws/src/crazyswarm/scripts/sequence_trajectories/1) by extensions ['ignore', 'ignore_ament_install']
[0.144s] Level 1:colcon.colcon_core.package_identification:_identify(src/crazyswarm2/ros_ws/src/crazyswarm/scripts/sequence_trajectories/1) by extension 'ignore'
[0.144s] Level 1:colcon.colcon_core.package_identification:_identify(src/crazyswarm2/ros_ws/src/crazyswarm/scripts/sequence_trajectories/1) by extension 'ignore_ament_install'
[0.144s] Level 1:colcon.colcon_core.package_identification:_identify(src/crazyswarm2/ros_ws/src/crazyswarm/scripts/sequence_trajectories/1) by extensions ['colcon_pkg']
[0.144s] Level 1:colcon.colcon_core.package_identification:_identify(src/crazyswarm2/ros_ws/src/crazyswarm/scripts/sequence_trajectories/1) by extension 'colcon_pkg'
[0.144s] Level 1:colcon.colcon_core.package_identification:_identify(src/crazyswarm2/ros_ws/src/crazyswarm/scripts/sequence_trajectories/1) by extensions ['colcon_meta']
[0.144s] Level 1:colcon.colcon_core.package_identification:_identify(src/crazyswarm2/ros_ws/src/crazyswarm/scripts/sequence_trajectories/1) by extension 'colcon_meta'
[0.144s] Level 1:colcon.colcon_core.package_identification:_identify(src/crazyswarm2/ros_ws/src/crazyswarm/scripts/sequence_trajectories/1) by extensions ['ros']
[0.144s] Level 1:colcon.colcon_core.package_identification:_identify(src/crazyswarm2/ros_ws/src/crazyswarm/scripts/sequence_trajectories/1) by extension 'ros'
[0.144s] Level 1:colcon.colcon_core.package_identification:_identify(src/crazyswarm2/ros_ws/src/crazyswarm/scripts/sequence_trajectories/1) by extensions ['cmake', 'python']
[0.144s] Level 1:colcon.colcon_core.package_identification:_identify(src/crazyswarm2/ros_ws/src/crazyswarm/scripts/sequence_trajectories/1) by extension 'cmake'
[0.144s] Level 1:colcon.colcon_core.package_identification:_identify(src/crazyswarm2/ros_ws/src/crazyswarm/scripts/sequence_trajectories/1) by extension 'python'
[0.144s] Level 1:colcon.colcon_core.package_identification:_identify(src/crazyswarm2/ros_ws/src/crazyswarm/scripts/sequence_trajectories/1) by extensions ['python_setup_py']
[0.144s] Level 1:colcon.colcon_core.package_identification:_identify(src/crazyswarm2/ros_ws/src/crazyswarm/scripts/sequence_trajectories/1) by extension 'python_setup_py'
[0.144s] Level 1:colcon.colcon_core.package_identification:_identify(src/crazyswarm2/ros_ws/src/crazyswarm/scripts/sequence_trajectories/2) by extensions ['ignore', 'ignore_ament_install']
[0.144s] Level 1:colcon.colcon_core.package_identification:_identify(src/crazyswarm2/ros_ws/src/crazyswarm/scripts/sequence_trajectories/2) by extension 'ignore'
[0.144s] Level 1:colcon.colcon_core.package_identification:_identify(src/crazyswarm2/ros_ws/src/crazyswarm/scripts/sequence_trajectories/2) by extension 'ignore_ament_install'
[0.144s] Level 1:colcon.colcon_core.package_identification:_identify(src/crazyswarm2/ros_ws/src/crazyswarm/scripts/sequence_trajectories/2) by extensions ['colcon_pkg']
[0.144s] Level 1:colcon.colcon_core.package_identification:_identify(src/crazyswarm2/ros_ws/src/crazyswarm/scripts/sequence_trajectories/2) by extension 'colcon_pkg'
[0.144s] Level 1:colcon.colcon_core.package_identification:_identify(src/crazyswarm2/ros_ws/src/crazyswarm/scripts/sequence_trajectories/2) by extensions ['colcon_meta']
[0.144s] Level 1:colcon.colcon_core.package_identification:_identify(src/crazyswarm2/ros_ws/src/crazyswarm/scripts/sequence_trajectories/2) by extension 'colcon_meta'
[0.144s] Level 1:colcon.colcon_core.package_identification:_identify(src/crazyswarm2/ros_ws/src/crazyswarm/scripts/sequence_trajectories/2) by extensions ['ros']
[0.144s] Level 1:colcon.colcon_core.package_identification:_identify(src/crazyswarm2/ros_ws/src/crazyswarm/scripts/sequence_trajectories/2) by extension 'ros'
[0.144s] Level 1:colcon.colcon_core.package_identification:_identify(src/crazyswarm2/ros_ws/src/crazyswarm/scripts/sequence_trajectories/2) by extensions ['cmake', 'python']
[0.144s] Level 1:colcon.colcon_core.package_identification:_identify(src/crazyswarm2/ros_ws/src/crazyswarm/scripts/sequence_trajectories/2) by extension 'cmake'
[0.144s] Level 1:colcon.colcon_core.package_identification:_identify(src/crazyswarm2/ros_ws/src/crazyswarm/scripts/sequence_trajectories/2) by extension 'python'
[0.144s] Level 1:colcon.colcon_core.package_identification:_identify(src/crazyswarm2/ros_ws/src/crazyswarm/scripts/sequence_trajectories/2) by extensions ['python_setup_py']
[0.144s] Level 1:colcon.colcon_core.package_identification:_identify(src/crazyswarm2/ros_ws/src/crazyswarm/scripts/sequence_trajectories/2) by extension 'python_setup_py'
[0.144s] Level 1:colcon.colcon_core.package_identification:_identify(src/crazyswarm2/ros_ws/src/crazyswarm/scripts/sequence_trajectories/3) by extensions ['ignore', 'ignore_ament_install']
[0.144s] Level 1:colcon.colcon_core.package_identification:_identify(src/crazyswarm2/ros_ws/src/crazyswarm/scripts/sequence_trajectories/3) by extension 'ignore'
[0.145s] Level 1:colcon.colcon_core.package_identification:_identify(src/crazyswarm2/ros_ws/src/crazyswarm/scripts/sequence_trajectories/3) by extension 'ignore_ament_install'
[0.145s] Level 1:colcon.colcon_core.package_identification:_identify(src/crazyswarm2/ros_ws/src/crazyswarm/scripts/sequence_trajectories/3) by extensions ['colcon_pkg']
[0.145s] Level 1:colcon.colcon_core.package_identification:_identify(src/crazyswarm2/ros_ws/src/crazyswarm/scripts/sequence_trajectories/3) by extension 'colcon_pkg'
[0.145s] Level 1:colcon.colcon_core.package_identification:_identify(src/crazyswarm2/ros_ws/src/crazyswarm/scripts/sequence_trajectories/3) by extensions ['colcon_meta']
[0.145s] Level 1:colcon.colcon_core.package_identification:_identify(src/crazyswarm2/ros_ws/src/crazyswarm/scripts/sequence_trajectories/3) by extension 'colcon_meta'
[0.145s] Level 1:colcon.colcon_core.package_identification:_identify(src/crazyswarm2/ros_ws/src/crazyswarm/scripts/sequence_trajectories/3) by extensions ['ros']
[0.145s] Level 1:colcon.colcon_core.package_identification:_identify(src/crazyswarm2/ros_ws/src/crazyswarm/scripts/sequence_trajectories/3) by extension 'ros'
[0.145s] Level 1:colcon.colcon_core.package_identification:_identify(src/crazyswarm2/ros_ws/src/crazyswarm/scripts/sequence_trajectories/3) by extensions ['cmake', 'python']
[0.145s] Level 1:colcon.colcon_core.package_identification:_identify(src/crazyswarm2/ros_ws/src/crazyswarm/scripts/sequence_trajectories/3) by extension 'cmake'
[0.145s] Level 1:colcon.colcon_core.package_identification:_identify(src/crazyswarm2/ros_ws/src/crazyswarm/scripts/sequence_trajectories/3) by extension 'python'
[0.145s] Level 1:colcon.colcon_core.package_identification:_identify(src/crazyswarm2/ros_ws/src/crazyswarm/scripts/sequence_trajectories/3) by extensions ['python_setup_py']
[0.145s] Level 1:colcon.colcon_core.package_identification:_identify(src/crazyswarm2/ros_ws/src/crazyswarm/scripts/sequence_trajectories/3) by extension 'python_setup_py'
[0.145s] Level 1:colcon.colcon_core.package_identification:_identify(src/crazyswarm2/ros_ws/src/crazyswarm/scripts/sequence_trajectories/4) by extensions ['ignore', 'ignore_ament_install']
[0.145s] Level 1:colcon.colcon_core.package_identification:_identify(src/crazyswarm2/ros_ws/src/crazyswarm/scripts/sequence_trajectories/4) by extension 'ignore'
[0.145s] Level 1:colcon.colcon_core.package_identification:_identify(src/crazyswarm2/ros_ws/src/crazyswarm/scripts/sequence_trajectories/4) by extension 'ignore_ament_install'
[0.145s] Level 1:colcon.colcon_core.package_identification:_identify(src/crazyswarm2/ros_ws/src/crazyswarm/scripts/sequence_trajectories/4) by extensions ['colcon_pkg']
[0.145s] Level 1:colcon.colcon_core.package_identification:_identify(src/crazyswarm2/ros_ws/src/crazyswarm/scripts/sequence_trajectories/4) by extension 'colcon_pkg'
[0.145s] Level 1:colcon.colcon_core.package_identification:_identify(src/crazyswarm2/ros_ws/src/crazyswarm/scripts/sequence_trajectories/4) by extensions ['colcon_meta']
[0.145s] Level 1:colcon.colcon_core.package_identification:_identify(src/crazyswarm2/ros_ws/src/crazyswarm/scripts/sequence_trajectories/4) by extension 'colcon_meta'
[0.145s] Level 1:colcon.colcon_core.package_identification:_identify(src/crazyswarm2/ros_ws/src/crazyswarm/scripts/sequence_trajectories/4) by extensions ['ros']
[0.145s] Level 1:colcon.colcon_core.package_identification:_identify(src/crazyswarm2/ros_ws/src/crazyswarm/scripts/sequence_trajectories/4) by extension 'ros'
[0.145s] Level 1:colcon.colcon_core.package_identification:_identify(src/crazyswarm2/ros_ws/src/crazyswarm/scripts/sequence_trajectories/4) by extensions ['cmake', 'python']
[0.145s] Level 1:colcon.colcon_core.package_identification:_identify(src/crazyswarm2/ros_ws/src/crazyswarm/scripts/sequence_trajectories/4) by extension 'cmake'
[0.145s] Level 1:colcon.colcon_core.package_identification:_identify(src/crazyswarm2/ros_ws/src/crazyswarm/scripts/sequence_trajectories/4) by extension 'python'
[0.145s] Level 1:colcon.colcon_core.package_identification:_identify(src/crazyswarm2/ros_ws/src/crazyswarm/scripts/sequence_trajectories/4) by extensions ['python_setup_py']
[0.145s] Level 1:colcon.colcon_core.package_identification:_identify(src/crazyswarm2/ros_ws/src/crazyswarm/scripts/sequence_trajectories/4) by extension 'python_setup_py'
[0.145s] Level 1:colcon.colcon_core.package_identification:_identify(src/crazyswarm2/ros_ws/src/crazyswarm/scripts/sequence_trajectories/5) by extensions ['ignore', 'ignore_ament_install']
[0.145s] Level 1:colcon.colcon_core.package_identification:_identify(src/crazyswarm2/ros_ws/src/crazyswarm/scripts/sequence_trajectories/5) by extension 'ignore'
[0.145s] Level 1:colcon.colcon_core.package_identification:_identify(src/crazyswarm2/ros_ws/src/crazyswarm/scripts/sequence_trajectories/5) by extension 'ignore_ament_install'
[0.145s] Level 1:colcon.colcon_core.package_identification:_identify(src/crazyswarm2/ros_ws/src/crazyswarm/scripts/sequence_trajectories/5) by extensions ['colcon_pkg']
[0.145s] Level 1:colcon.colcon_core.package_identification:_identify(src/crazyswarm2/ros_ws/src/crazyswarm/scripts/sequence_trajectories/5) by extension 'colcon_pkg'
[0.145s] Level 1:colcon.colcon_core.package_identification:_identify(src/crazyswarm2/ros_ws/src/crazyswarm/scripts/sequence_trajectories/5) by extensions ['colcon_meta']
[0.145s] Level 1:colcon.colcon_core.package_identification:_identify(src/crazyswarm2/ros_ws/src/crazyswarm/scripts/sequence_trajectories/5) by extension 'colcon_meta'
[0.145s] Level 1:colcon.colcon_core.package_identification:_identify(src/crazyswarm2/ros_ws/src/crazyswarm/scripts/sequence_trajectories/5) by extensions ['ros']
[0.145s] Level 1:colcon.colcon_core.package_identification:_identify(src/crazyswarm2/ros_ws/src/crazyswarm/scripts/sequence_trajectories/5) by extension 'ros'
[0.145s] Level 1:colcon.colcon_core.package_identification:_identify(src/crazyswarm2/ros_ws/src/crazyswarm/scripts/sequence_trajectories/5) by extensions ['cmake', 'python']
[0.145s] Level 1:colcon.colcon_core.package_identification:_identify(src/crazyswarm2/ros_ws/src/crazyswarm/scripts/sequence_trajectories/5) by extension 'cmake'
[0.145s] Level 1:colcon.colcon_core.package_identification:_identify(src/crazyswarm2/ros_ws/src/crazyswarm/scripts/sequence_trajectories/5) by extension 'python'
[0.145s] Level 1:colcon.colcon_core.package_identification:_identify(src/crazyswarm2/ros_ws/src/crazyswarm/scripts/sequence_trajectories/5) by extensions ['python_setup_py']
[0.145s] Level 1:colcon.colcon_core.package_identification:_identify(src/crazyswarm2/ros_ws/src/crazyswarm/scripts/sequence_trajectories/5) by extension 'python_setup_py'
[0.146s] Level 1:colcon.colcon_core.package_identification:_identify(src/crazyswarm2/ros_ws/src/crazyswarm/scripts/sequence_trajectories/6) by extensions ['ignore', 'ignore_ament_install']
[0.146s] Level 1:colcon.colcon_core.package_identification:_identify(src/crazyswarm2/ros_ws/src/crazyswarm/scripts/sequence_trajectories/6) by extension 'ignore'
[0.146s] Level 1:colcon.colcon_core.package_identification:_identify(src/crazyswarm2/ros_ws/src/crazyswarm/scripts/sequence_trajectories/6) by extension 'ignore_ament_install'
[0.146s] Level 1:colcon.colcon_core.package_identification:_identify(src/crazyswarm2/ros_ws/src/crazyswarm/scripts/sequence_trajectories/6) by extensions ['colcon_pkg']
[0.146s] Level 1:colcon.colcon_core.package_identification:_identify(src/crazyswarm2/ros_ws/src/crazyswarm/scripts/sequence_trajectories/6) by extension 'colcon_pkg'
[0.146s] Level 1:colcon.colcon_core.package_identification:_identify(src/crazyswarm2/ros_ws/src/crazyswarm/scripts/sequence_trajectories/6) by extensions ['colcon_meta']
[0.146s] Level 1:colcon.colcon_core.package_identification:_identify(src/crazyswarm2/ros_ws/src/crazyswarm/scripts/sequence_trajectories/6) by extension 'colcon_meta'
[0.146s] Level 1:colcon.colcon_core.package_identification:_identify(src/crazyswarm2/ros_ws/src/crazyswarm/scripts/sequence_trajectories/6) by extensions ['ros']
[0.146s] Level 1:colcon.colcon_core.package_identification:_identify(src/crazyswarm2/ros_ws/src/crazyswarm/scripts/sequence_trajectories/6) by extension 'ros'
[0.146s] Level 1:colcon.colcon_core.package_identification:_identify(src/crazyswarm2/ros_ws/src/crazyswarm/scripts/sequence_trajectories/6) by extensions ['cmake', 'python']
[0.146s] Level 1:colcon.colcon_core.package_identification:_identify(src/crazyswarm2/ros_ws/src/crazyswarm/scripts/sequence_trajectories/6) by extension 'cmake'
[0.146s] Level 1:colcon.colcon_core.package_identification:_identify(src/crazyswarm2/ros_ws/src/crazyswarm/scripts/sequence_trajectories/6) by extension 'python'
[0.146s] Level 1:colcon.colcon_core.package_identification:_identify(src/crazyswarm2/ros_ws/src/crazyswarm/scripts/sequence_trajectories/6) by extensions ['python_setup_py']
[0.146s] Level 1:colcon.colcon_core.package_identification:_identify(src/crazyswarm2/ros_ws/src/crazyswarm/scripts/sequence_trajectories/6) by extension 'python_setup_py'
[0.146s] Level 1:colcon.colcon_core.package_identification:_identify(src/crazyswarm2/ros_ws/src/crazyswarm/scripts/sequence_trajectories/7) by extensions ['ignore', 'ignore_ament_install']
[0.146s] Level 1:colcon.colcon_core.package_identification:_identify(src/crazyswarm2/ros_ws/src/crazyswarm/scripts/sequence_trajectories/7) by extension 'ignore'
[0.146s] Level 1:colcon.colcon_core.package_identification:_identify(src/crazyswarm2/ros_ws/src/crazyswarm/scripts/sequence_trajectories/7) by extension 'ignore_ament_install'
[0.146s] Level 1:colcon.colcon_core.package_identification:_identify(src/crazyswarm2/ros_ws/src/crazyswarm/scripts/sequence_trajectories/7) by extensions ['colcon_pkg']
[0.146s] Level 1:colcon.colcon_core.package_identification:_identify(src/crazyswarm2/ros_ws/src/crazyswarm/scripts/sequence_trajectories/7) by extension 'colcon_pkg'
[0.146s] Level 1:colcon.colcon_core.package_identification:_identify(src/crazyswarm2/ros_ws/src/crazyswarm/scripts/sequence_trajectories/7) by extensions ['colcon_meta']
[0.146s] Level 1:colcon.colcon_core.package_identification:_identify(src/crazyswarm2/ros_ws/src/crazyswarm/scripts/sequence_trajectories/7) by extension 'colcon_meta'
[0.146s] Level 1:colcon.colcon_core.package_identification:_identify(src/crazyswarm2/ros_ws/src/crazyswarm/scripts/sequence_trajectories/7) by extensions ['ros']
[0.146s] Level 1:colcon.colcon_core.package_identification:_identify(src/crazyswarm2/ros_ws/src/crazyswarm/scripts/sequence_trajectories/7) by extension 'ros'
[0.146s] Level 1:colcon.colcon_core.package_identification:_identify(src/crazyswarm2/ros_ws/src/crazyswarm/scripts/sequence_trajectories/7) by extensions ['cmake', 'python']
[0.146s] Level 1:colcon.colcon_core.package_identification:_identify(src/crazyswarm2/ros_ws/src/crazyswarm/scripts/sequence_trajectories/7) by extension 'cmake'
[0.146s] Level 1:colcon.colcon_core.package_identification:_identify(src/crazyswarm2/ros_ws/src/crazyswarm/scripts/sequence_trajectories/7) by extension 'python'
[0.146s] Level 1:colcon.colcon_core.package_identification:_identify(src/crazyswarm2/ros_ws/src/crazyswarm/scripts/sequence_trajectories/7) by extensions ['python_setup_py']
[0.146s] Level 1:colcon.colcon_core.package_identification:_identify(src/crazyswarm2/ros_ws/src/crazyswarm/scripts/sequence_trajectories/7) by extension 'python_setup_py'
[0.146s] Level 1:colcon.colcon_core.package_identification:_identify(src/crazyswarm2/ros_ws/src/crazyswarm/scripts/swap6v_pps) by extensions ['ignore', 'ignore_ament_install']
[0.146s] Level 1:colcon.colcon_core.package_identification:_identify(src/crazyswarm2/ros_ws/src/crazyswarm/scripts/swap6v_pps) by extension 'ignore'
[0.146s] Level 1:colcon.colcon_core.package_identification:_identify(src/crazyswarm2/ros_ws/src/crazyswarm/scripts/swap6v_pps) by extension 'ignore_ament_install'
[0.146s] Level 1:colcon.colcon_core.package_identification:_identify(src/crazyswarm2/ros_ws/src/crazyswarm/scripts/swap6v_pps) by extensions ['colcon_pkg']
[0.146s] Level 1:colcon.colcon_core.package_identification:_identify(src/crazyswarm2/ros_ws/src/crazyswarm/scripts/swap6v_pps) by extension 'colcon_pkg'
[0.146s] Level 1:colcon.colcon_core.package_identification:_identify(src/crazyswarm2/ros_ws/src/crazyswarm/scripts/swap6v_pps) by extensions ['colcon_meta']
[0.146s] Level 1:colcon.colcon_core.package_identification:_identify(src/crazyswarm2/ros_ws/src/crazyswarm/scripts/swap6v_pps) by extension 'colcon_meta'
[0.146s] Level 1:colcon.colcon_core.package_identification:_identify(src/crazyswarm2/ros_ws/src/crazyswarm/scripts/swap6v_pps) by extensions ['ros']
[0.146s] Level 1:colcon.colcon_core.package_identification:_identify(src/crazyswarm2/ros_ws/src/crazyswarm/scripts/swap6v_pps) by extension 'ros'
[0.147s] Level 1:colcon.colcon_core.package_identification:_identify(src/crazyswarm2/ros_ws/src/crazyswarm/scripts/swap6v_pps) by extensions ['cmake', 'python']
[0.147s] Level 1:colcon.colcon_core.package_identification:_identify(src/crazyswarm2/ros_ws/src/crazyswarm/scripts/swap6v_pps) by extension 'cmake'
[0.147s] Level 1:colcon.colcon_core.package_identification:_identify(src/crazyswarm2/ros_ws/src/crazyswarm/scripts/swap6v_pps) by extension 'python'
[0.147s] Level 1:colcon.colcon_core.package_identification:_identify(src/crazyswarm2/ros_ws/src/crazyswarm/scripts/swap6v_pps) by extensions ['python_setup_py']
[0.147s] Level 1:colcon.colcon_core.package_identification:_identify(src/crazyswarm2/ros_ws/src/crazyswarm/scripts/swap6v_pps) by extension 'python_setup_py'
[0.147s] Level 1:colcon.colcon_core.package_identification:_identify(src/crazyswarm2/systemtests) by extensions ['ignore', 'ignore_ament_install']
[0.147s] Level 1:colcon.colcon_core.package_identification:_identify(src/crazyswarm2/systemtests) by extension 'ignore'
[0.147s] Level 1:colcon.colcon_core.package_identification:_identify(src/crazyswarm2/systemtests) by extension 'ignore_ament_install'
[0.147s] Level 1:colcon.colcon_core.package_identification:_identify(src/crazyswarm2/systemtests) by extensions ['colcon_pkg']
[0.147s] Level 1:colcon.colcon_core.package_identification:_identify(src/crazyswarm2/systemtests) by extension 'colcon_pkg'
[0.147s] Level 1:colcon.colcon_core.package_identification:_identify(src/crazyswarm2/systemtests) by extensions ['colcon_meta']
[0.147s] Level 1:colcon.colcon_core.package_identification:_identify(src/crazyswarm2/systemtests) by extension 'colcon_meta'
[0.147s] Level 1:colcon.colcon_core.package_identification:_identify(src/crazyswarm2/systemtests) by extensions ['ros']
[0.147s] Level 1:colcon.colcon_core.package_identification:_identify(src/crazyswarm2/systemtests) by extension 'ros'
[0.147s] Level 1:colcon.colcon_core.package_identification:_identify(src/crazyswarm2/systemtests) by extensions ['cmake', 'python']
[0.147s] Level 1:colcon.colcon_core.package_identification:_identify(src/crazyswarm2/systemtests) by extension 'cmake'
[0.147s] Level 1:colcon.colcon_core.package_identification:_identify(src/crazyswarm2/systemtests) by extension 'python'
[0.147s] Level 1:colcon.colcon_core.package_identification:_identify(src/crazyswarm2/systemtests) by extensions ['python_setup_py']
[0.147s] Level 1:colcon.colcon_core.package_identification:_identify(src/crazyswarm2/systemtests) by extension 'python_setup_py'
[0.147s] Level 1:colcon.colcon_core.package_identification:_identify(src/crazyswarm2/systemtests/SDplotting) by extensions ['ignore', 'ignore_ament_install']
[0.147s] Level 1:colcon.colcon_core.package_identification:_identify(src/crazyswarm2/systemtests/SDplotting) by extension 'ignore'
[0.147s] Level 1:colcon.colcon_core.package_identification:_identify(src/crazyswarm2/systemtests/SDplotting) by extension 'ignore_ament_install'
[0.147s] Level 1:colcon.colcon_core.package_identification:_identify(src/crazyswarm2/systemtests/SDplotting) by extensions ['colcon_pkg']
[0.147s] Level 1:colcon.colcon_core.package_identification:_identify(src/crazyswarm2/systemtests/SDplotting) by extension 'colcon_pkg'
[0.147s] Level 1:colcon.colcon_core.package_identification:_identify(src/crazyswarm2/systemtests/SDplotting) by extensions ['colcon_meta']
[0.147s] Level 1:colcon.colcon_core.package_identification:_identify(src/crazyswarm2/systemtests/SDplotting) by extension 'colcon_meta'
[0.147s] Level 1:colcon.colcon_core.package_identification:_identify(src/crazyswarm2/systemtests/SDplotting) by extensions ['ros']
[0.147s] Level 1:colcon.colcon_core.package_identification:_identify(src/crazyswarm2/systemtests/SDplotting) by extension 'ros'
[0.147s] Level 1:colcon.colcon_core.package_identification:_identify(src/crazyswarm2/systemtests/SDplotting) by extensions ['cmake', 'python']
[0.147s] Level 1:colcon.colcon_core.package_identification:_identify(src/crazyswarm2/systemtests/SDplotting) by extension 'cmake'
[0.147s] Level 1:colcon.colcon_core.package_identification:_identify(src/crazyswarm2/systemtests/SDplotting) by extension 'python'
[0.147s] Level 1:colcon.colcon_core.package_identification:_identify(src/crazyswarm2/systemtests/SDplotting) by extensions ['python_setup_py']
[0.147s] Level 1:colcon.colcon_core.package_identification:_identify(src/crazyswarm2/systemtests/SDplotting) by extension 'python_setup_py'
[0.147s] Level 1:colcon.colcon_core.package_discovery:discover_packages(recursive) using defaults
[0.147s] Level 1:colcon.colcon_core.package_discovery:discover_packages(ignore) discover
[0.147s] Level 1:colcon.colcon_core.package_discovery:discover_packages(ignore) using defaults
[0.147s] Level 1:colcon.colcon_core.package_discovery:discover_packages(path) discover
[0.147s] Level 1:colcon.colcon_core.package_discovery:discover_packages(path) using defaults
[0.160s] INFO:colcon.colcon_metadata.metadata.colcon_pkg:Updating descriptor of package 'src/crazyswarm2/crazyflie_py' from colcon.pkg: {'python-testing': 'pytest'}
[0.162s] Level 1:colcon.colcon_core.package_discovery:discover_packages(prefix_path) check parameters
[0.162s] Level 1:colcon.colcon_core.package_discovery:discover_packages(prefix_path) discover
[0.163s] DEBUG:colcon.colcon_installed_package_information.package_discovery:Found 331 installed packages in /opt/ros/jazzy
[0.164s] Level 1:colcon.colcon_core.package_discovery:discover_packages(prefix_path) using defaults
[0.193s] Level 5:colcon.colcon_core.verb:set package 'crazyflie_description' build argument 'cmake_args' from command line to 'None'
[0.193s] Level 5:colcon.colcon_core.verb:set package 'crazyflie_description' build argument 'cmake_target' from command line to 'None'
[0.193s] Level 5:colcon.colcon_core.verb:set package 'crazyflie_description' build argument 'cmake_target_skip_unavailable' from command line to 'False'
[0.193s] Level 5:colcon.colcon_core.verb:set package 'crazyflie_description' build argument 'cmake_clean_cache' from command line to 'False'
[0.193s] Level 5:colcon.colcon_core.verb:set package 'crazyflie_description' build argument 'cmake_clean_first' from command line to 'False'
[0.193s] Level 5:colcon.colcon_core.verb:set package 'crazyflie_description' build argument 'cmake_force_configure' from command line to 'False'
[0.193s] Level 5:colcon.colcon_core.verb:set package 'crazyflie_description' build argument 'ament_cmake_args' from command line to 'None'
[0.193s] Level 5:colcon.colcon_core.verb:set package 'crazyflie_description' build argument 'catkin_cmake_args' from command line to 'None'
[0.193s] Level 5:colcon.colcon_core.verb:set package 'crazyflie_description' build argument 'catkin_skip_building_tests' from command line to 'False'
[0.193s] DEBUG:colcon.colcon_core.verb:Building package 'crazyflie_description' with the following arguments: {'ament_cmake_args': None, 'build_base': '/home/namgeonwoo/COSHOW/ros2_ws/build/crazyflie_description', 'catkin_cmake_args': None, 'catkin_skip_building_tests': False, 'cmake_args': None, 'cmake_clean_cache': False, 'cmake_clean_first': False, 'cmake_force_configure': False, 'cmake_target': None, 'cmake_target_skip_unavailable': False, 'install_base': '/home/namgeonwoo/COSHOW/ros2_ws/install/crazyflie_description', 'merge_install': False, 'path': '/home/namgeonwoo/COSHOW/ros2_ws/src/crazyswarm2/crazyflie_description', 'symlink_install': True, 'test_result_base': None}
[0.193s] Level 5:colcon.colcon_core.verb:set package 'crazyflie_interfaces' build argument 'cmake_args' from command line to 'None'
[0.193s] Level 5:colcon.colcon_core.verb:set package 'crazyflie_interfaces' build argument 'cmake_target' from command line to 'None'
[0.193s] Level 5:colcon.colcon_core.verb:set package 'crazyflie_interfaces' build argument 'cmake_target_skip_unavailable' from command line to 'False'
[0.193s] Level 5:colcon.colcon_core.verb:set package 'crazyflie_interfaces' build argument 'cmake_clean_cache' from command line to 'False'
[0.193s] Level 5:colcon.colcon_core.verb:set package 'crazyflie_interfaces' build argument 'cmake_clean_first' from command line to 'False'
[0.193s] Level 5:colcon.colcon_core.verb:set package 'crazyflie_interfaces' build argument 'cmake_force_configure' from command line to 'False'
[0.193s] Level 5:colcon.colcon_core.verb:set package 'crazyflie_interfaces' build argument 'ament_cmake_args' from command line to 'None'
[0.193s] Level 5:colcon.colcon_core.verb:set package 'crazyflie_interfaces' build argument 'catkin_cmake_args' from command line to 'None'
[0.193s] Level 5:colcon.colcon_core.verb:set package 'crazyflie_interfaces' build argument 'catkin_skip_building_tests' from command line to 'False'
[0.193s] DEBUG:colcon.colcon_core.verb:Building package 'crazyflie_interfaces' with the following arguments: {'ament_cmake_args': None, 'build_base': '/home/namgeonwoo/COSHOW/ros2_ws/build/crazyflie_interfaces', 'catkin_cmake_args': None, 'catkin_skip_building_tests': False, 'cmake_args': None, 'cmake_clean_cache': False, 'cmake_clean_first': False, 'cmake_force_configure': False, 'cmake_target': None, 'cmake_target_skip_unavailable': False, 'install_base': '/home/namgeonwoo/COSHOW/ros2_ws/install/crazyflie_interfaces', 'merge_install': False, 'path': '/home/namgeonwoo/COSHOW/ros2_ws/src/crazyswarm2/crazyflie_interfaces', 'symlink_install': True, 'test_result_base': None}
[0.194s] Level 5:colcon.colcon_core.verb:set package 'crazyflie_py' build argument 'cmake_args' from command line to 'None'
[0.194s] Level 5:colcon.colcon_core.verb:set package 'crazyflie_py' build argument 'cmake_target' from command line to 'None'
[0.194s] Level 5:colcon.colcon_core.verb:set package 'crazyflie_py' build argument 'cmake_target_skip_unavailable' from command line to 'False'
[0.194s] Level 5:colcon.colcon_core.verb:set package 'crazyflie_py' build argument 'cmake_clean_cache' from command line to 'False'
[0.194s] Level 5:colcon.colcon_core.verb:set package 'crazyflie_py' build argument 'cmake_clean_first' from command line to 'False'
[0.194s] Level 5:colcon.colcon_core.verb:set package 'crazyflie_py' build argument 'cmake_force_configure' from command line to 'False'
[0.194s] Level 5:colcon.colcon_core.verb:set package 'crazyflie_py' build argument 'ament_cmake_args' from command line to 'None'
[0.194s] Level 5:colcon.colcon_core.verb:set package 'crazyflie_py' build argument 'catkin_cmake_args' from command line to 'None'
[0.194s] Level 5:colcon.colcon_core.verb:set package 'crazyflie_py' build argument 'catkin_skip_building_tests' from command line to 'False'
[0.194s] DEBUG:colcon.colcon_core.verb:Building package 'crazyflie_py' with the following arguments: {'ament_cmake_args': None, 'build_base': '/home/namgeonwoo/COSHOW/ros2_ws/build/crazyflie_py', 'catkin_cmake_args': None, 'catkin_skip_building_tests': False, 'cmake_args': None, 'cmake_clean_cache': False, 'cmake_clean_first': False, 'cmake_force_configure': False, 'cmake_target': None, 'cmake_target_skip_unavailable': False, 'install_base': '/home/namgeonwoo/COSHOW/ros2_ws/install/crazyflie_py', 'merge_install': False, 'path': '/home/namgeonwoo/COSHOW/ros2_ws/src/crazyswarm2/crazyflie_py', 'symlink_install': True, 'test_result_base': None}
[0.194s] Level 5:colcon.colcon_core.verb:set package 'crazyflie_server_cpp' build argument 'cmake_args' from command line to 'None'
[0.194s] Level 5:colcon.colcon_core.verb:set package 'crazyflie_server_cpp' build argument 'cmake_target' from command line to 'None'
[0.194s] Level 5:colcon.colcon_core.verb:set package 'crazyflie_server_cpp' build argument 'cmake_target_skip_unavailable' from command line to 'False'
[0.194s] Level 5:colcon.colcon_core.verb:set package 'crazyflie_server_cpp' build argument 'cmake_clean_cache' from command line to 'False'
[0.194s] Level 5:colcon.colcon_core.verb:set package 'crazyflie_server_cpp' build argument 'cmake_clean_first' from command line to 'False'
[0.194s] Level 5:colcon.colcon_core.verb:set package 'crazyflie_server_cpp' build argument 'cmake_force_configure' from command line to 'False'
[0.194s] Level 5:colcon.colcon_core.verb:set package 'crazyflie_server_cpp' build argument 'ament_cmake_args' from command line to 'None'
[0.194s] Level 5:colcon.colcon_core.verb:set package 'crazyflie_server_cpp' build argument 'catkin_cmake_args' from command line to 'None'
[0.194s] Level 5:colcon.colcon_core.verb:set package 'crazyflie_server_cpp' build argument 'catkin_skip_building_tests' from command line to 'False'
[0.194s] DEBUG:colcon.colcon_core.verb:Building package 'crazyflie_server_cpp' with the following arguments: {'ament_cmake_args': None, 'build_base': '/home/namgeonwoo/COSHOW/ros2_ws/build/crazyflie_server_cpp', 'catkin_cmake_args': None, 'catkin_skip_building_tests': False, 'cmake_args': None, 'cmake_clean_cache': False, 'cmake_clean_first': False, 'cmake_force_configure': False, 'cmake_target': None, 'cmake_target_skip_unavailable': False, 'install_base': '/home/namgeonwoo/COSHOW/ros2_ws/install/crazyflie_server_cpp', 'merge_install': False, 'path': '/home/namgeonwoo/COSHOW/ros2_ws/src/crazyswarm2/crazyflie_server_cpp', 'symlink_install': True, 'test_result_base': None}
[0.194s] Level 5:colcon.colcon_core.verb:set package 'crazyflie_server_py' build argument 'cmake_args' from command line to 'None'
[0.194s] Level 5:colcon.colcon_core.verb:set package 'crazyflie_server_py' build argument 'cmake_target' from command line to 'None'
[0.194s] Level 5:colcon.colcon_core.verb:set package 'crazyflie_server_py' build argument 'cmake_target_skip_unavailable' from command line to 'False'
[0.194s] Level 5:colcon.colcon_core.verb:set package 'crazyflie_server_py' build argument 'cmake_clean_cache' from command line to 'False'
[0.194s] Level 5:colcon.colcon_core.verb:set package 'crazyflie_server_py' build argument 'cmake_clean_first' from command line to 'False'
[0.194s] Level 5:colcon.colcon_core.verb:set package 'crazyflie_server_py' build argument 'cmake_force_configure' from command line to 'False'
[0.194s] Level 5:colcon.colcon_core.verb:set package 'crazyflie_server_py' build argument 'ament_cmake_args' from command line to 'None'
[0.194s] Level 5:colcon.colcon_core.verb:set package 'crazyflie_server_py' build argument 'catkin_cmake_args' from command line to 'None'
[0.194s] Level 5:colcon.colcon_core.verb:set package 'crazyflie_server_py' build argument 'catkin_skip_building_tests' from command line to 'False'
[0.194s] DEBUG:colcon.colcon_core.verb:Building package 'crazyflie_server_py' with the following arguments: {'ament_cmake_args': None, 'build_base': '/home/namgeonwoo/COSHOW/ros2_ws/build/crazyflie_server_py', 'catkin_cmake_args': None, 'catkin_skip_building_tests': False, 'cmake_args': None, 'cmake_clean_cache': False, 'cmake_clean_first': False, 'cmake_force_configure': False, 'cmake_target': None, 'cmake_target_skip_unavailable': False, 'install_base': '/home/namgeonwoo/COSHOW/ros2_ws/install/crazyflie_server_py', 'merge_install': False, 'path': '/home/namgeonwoo/COSHOW/ros2_ws/src/crazyswarm2/crazyflie_server_py', 'symlink_install': True, 'test_result_base': None}
[0.195s] Level 5:colcon.colcon_core.verb:set package 'crazyflie_sim' build argument 'cmake_args' from command line to 'None'
[0.195s] Level 5:colcon.colcon_core.verb:set package 'crazyflie_sim' build argument 'cmake_target' from command line to 'None'
[0.195s] Level 5:colcon.colcon_core.verb:set package 'crazyflie_sim' build argument 'cmake_target_skip_unavailable' from command line to 'False'
[0.195s] Level 5:colcon.colcon_core.verb:set package 'crazyflie_sim' build argument 'cmake_clean_cache' from command line to 'False'
[0.195s] Level 5:colcon.colcon_core.verb:set package 'crazyflie_sim' build argument 'cmake_clean_first' from command line to 'False'
[0.195s] Level 5:colcon.colcon_core.verb:set package 'crazyflie_sim' build argument 'cmake_force_configure' from command line to 'False'
[0.195s] Level 5:colcon.colcon_core.verb:set package 'crazyflie_sim' build argument 'ament_cmake_args' from command line to 'None'
[0.195s] Level 5:colcon.colcon_core.verb:set package 'crazyflie_sim' build argument 'catkin_cmake_args' from command line to 'None'
[0.195s] Level 5:colcon.colcon_core.verb:set package 'crazyflie_sim' build argument 'catkin_skip_building_tests' from command line to 'False'
[0.195s] DEBUG:colcon.colcon_core.verb:Building package 'crazyflie_sim' with the following arguments: {'ament_cmake_args': None, 'build_base': '/home/namgeonwoo/COSHOW/ros2_ws/build/crazyflie_sim', 'catkin_cmake_args': None, 'catkin_skip_building_tests': False, 'cmake_args': None, 'cmake_clean_cache': False, 'cmake_clean_first': False, 'cmake_force_configure': False, 'cmake_target': None, 'cmake_target_skip_unavailable': False, 'install_base': '/home/namgeonwoo/COSHOW/ros2_ws/install/crazyflie_sim', 'merge_install': False, 'path': '/home/namgeonwoo/COSHOW/ros2_ws/src/crazyswarm2/crazyflie_sim', 'symlink_install': True, 'test_result_base': None}
[0.195s] Level 5:colcon.colcon_core.verb:set package 'crazyflie' build argument 'cmake_args' from command line to 'None'
[0.195s] Level 5:colcon.colcon_core.verb:set package 'crazyflie' build argument 'cmake_target' from command line to 'None'
[0.195s] Level 5:colcon.colcon_core.verb:set package 'crazyflie' build argument 'cmake_target_skip_unavailable' from command line to 'False'
[0.195s] Level 5:colcon.colcon_core.verb:set package 'crazyflie' build argument 'cmake_clean_cache' from command line to 'False'
[0.195s] Level 5:colcon.colcon_core.verb:set package 'crazyflie' build argument 'cmake_clean_first' from command line to 'False'
[0.195s] Level 5:colcon.colcon_core.verb:set package 'crazyflie' build argument 'cmake_force_configure' from command line to 'False'
[0.195s] Level 5:colcon.colcon_core.verb:set package 'crazyflie' build argument 'ament_cmake_args' from command line to 'None'
[0.196s] Level 5:colcon.colcon_core.verb:set package 'crazyflie' build argument 'catkin_cmake_args' from command line to 'None'
[0.196s] Level 5:colcon.colcon_core.verb:set package 'crazyflie' build argument 'catkin_skip_building_tests' from command line to 'False'
[0.196s] DEBUG:colcon.colcon_core.verb:Building package 'crazyflie' with the following arguments: {'ament_cmake_args': None, 'build_base': '/home/namgeonwoo/COSHOW/ros2_ws/build/crazyflie', 'catkin_cmake_args': None, 'catkin_skip_building_tests': False, 'cmake_args': None, 'cmake_clean_cache': False, 'cmake_clean_first': False, 'cmake_force_configure': False, 'cmake_target': None, 'cmake_target_skip_unavailable': False, 'install_base': '/home/namgeonwoo/COSHOW/ros2_ws/install/crazyflie', 'merge_install': False, 'path': '/home/namgeonwoo/COSHOW/ros2_ws/src/crazyswarm2/crazyflie', 'symlink_install': True, 'test_result_base': None}
[0.196s] Level 5:colcon.colcon_core.verb:set package 'crazyflie_examples' build argument 'cmake_args' from command line to 'None'
[0.196s] Level 5:colcon.colcon_core.verb:set package 'crazyflie_examples' build argument 'cmake_target' from command line to 'None'
[0.196s] Level 5:colcon.colcon_core.verb:set package 'crazyflie_examples' build argument 'cmake_target_skip_unavailable' from command line to 'False'
[0.196s] Level 5:colcon.colcon_core.verb:set package 'crazyflie_examples' build argument 'cmake_clean_cache' from command line to 'False'
[0.196s] Level 5:colcon.colcon_core.verb:set package 'crazyflie_examples' build argument 'cmake_clean_first' from command line to 'False'
[0.196s] Level 5:colcon.colcon_core.verb:set package 'crazyflie_examples' build argument 'cmake_force_configure' from command line to 'False'
[0.196s] Level 5:colcon.colcon_core.verb:set package 'crazyflie_examples' build argument 'ament_cmake_args' from command line to 'None'
[0.196s] Level 5:colcon.colcon_core.verb:set package 'crazyflie_examples' build argument 'catkin_cmake_args' from command line to 'None'
[0.196s] Level 5:colcon.colcon_core.verb:set package 'crazyflie_examples' build argument 'catkin_skip_building_tests' from command line to 'False'
[0.196s] DEBUG:colcon.colcon_core.verb:Building package 'crazyflie_examples' with the following arguments: {'ament_cmake_args': None, 'build_base': '/home/namgeonwoo/COSHOW/ros2_ws/build/crazyflie_examples', 'catkin_cmake_args': None, 'catkin_skip_building_tests': False, 'cmake_args': None, 'cmake_clean_cache': False, 'cmake_clean_first': False, 'cmake_force_configure': False, 'cmake_target': None, 'cmake_target_skip_unavailable': False, 'install_base': '/home/namgeonwoo/COSHOW/ros2_ws/install/crazyflie_examples', 'merge_install': False, 'path': '/home/namgeonwoo/COSHOW/ros2_ws/src/crazyswarm2/crazyflie_examples', 'symlink_install': True, 'test_result_base': None}
[0.196s] INFO:colcon.colcon_core.executor:Executing jobs using 'parallel' executor
[0.197s] DEBUG:colcon.colcon_parallel_executor.executor.parallel:run_until_complete
[0.197s] INFO:colcon.colcon_ros.task.ament_cmake.build:Building ROS package in '/home/namgeonwoo/COSHOW/ros2_ws/src/crazyswarm2/crazyflie_interfaces' with build type 'ament_cmake'
[0.197s] INFO:colcon.colcon_cmake.task.cmake.build:Building CMake package in '/home/namgeonwoo/COSHOW/ros2_ws/src/crazyswarm2/crazyflie_interfaces'
[0.199s] INFO:colcon.colcon_core.plugin_system:Skipping extension 'colcon_core.shell.bat': Not used on non-Windows systems
[0.200s] INFO:colcon.colcon_core.shell:Skip shell extension 'powershell' for command environment: Not usable outside of PowerShell
[0.200s] DEBUG:colcon.colcon_core.shell:Skip shell extension 'dsv' for command environment
[0.202s] INFO:colcon.colcon_ros.task.ament_cmake.build:Building ROS package in '/home/namgeonwoo/COSHOW/ros2_ws/src/crazyswarm2/crazyflie_description' with build type 'ament_cmake'
[0.202s] INFO:colcon.colcon_cmake.task.cmake.build:Building CMake package in '/home/namgeonwoo/COSHOW/ros2_ws/src/crazyswarm2/crazyflie_description'
[0.202s] INFO:colcon.colcon_core.shell:Skip shell extension 'powershell' for command environment: Not usable outside of PowerShell
[0.202s] DEBUG:colcon.colcon_core.shell:Skip shell extension 'dsv' for command environment
[0.208s] DEBUG:colcon.colcon_core.event_handler.log_command:Invoking command in '/home/namgeonwoo/COSHOW/ros2_ws/build/crazyflie_interfaces': CMAKE_PREFIX_PATH=${CMAKE_PREFIX_PATH}:/opt/ros/jazzy DEBUGINFOD_URLS=https://debuginfod.ubuntu.com /usr/bin/cmake /home/namgeonwoo/COSHOW/ros2_ws/src/crazyswarm2/crazyflie_interfaces -DAMENT_CMAKE_SYMLINK_INSTALL=1 -DCMAKE_INSTALL_PREFIX=/home/namgeonwoo/COSHOW/ros2_ws/install/crazyflie_interfaces
[0.212s] DEBUG:colcon.colcon_core.event_handler.log_command:Invoking command in '/home/namgeonwoo/COSHOW/ros2_ws/build/crazyflie_description': CMAKE_PREFIX_PATH=${CMAKE_PREFIX_PATH}:/opt/ros/jazzy DEBUGINFOD_URLS=https://debuginfod.ubuntu.com /usr/bin/cmake /home/namgeonwoo/COSHOW/ros2_ws/src/crazyswarm2/crazyflie_description -DAMENT_CMAKE_SYMLINK_INSTALL=1 -DCMAKE_INSTALL_PREFIX=/home/namgeonwoo/COSHOW/ros2_ws/install/crazyflie_description
[0.824s] DEBUG:colcon.colcon_core.event_handler.log_command:Invoked command in '/home/namgeonwoo/COSHOW/ros2_ws/build/crazyflie_description' returned '0': CMAKE_PREFIX_PATH=${CMAKE_PREFIX_PATH}:/opt/ros/jazzy DEBUGINFOD_URLS=https://debuginfod.ubuntu.com /usr/bin/cmake /home/namgeonwoo/COSHOW/ros2_ws/src/crazyswarm2/crazyflie_description -DAMENT_CMAKE_SYMLINK_INSTALL=1 -DCMAKE_INSTALL_PREFIX=/home/namgeonwoo/COSHOW/ros2_ws/install/crazyflie_description
[0.827s] DEBUG:colcon.colcon_core.event_handler.log_command:Invoking command in '/home/namgeonwoo/COSHOW/ros2_ws/build/crazyflie_description': CMAKE_PREFIX_PATH=${CMAKE_PREFIX_PATH}:/opt/ros/jazzy DEBUGINFOD_URLS=https://debuginfod.ubuntu.com /usr/bin/cmake --build /home/namgeonwoo/COSHOW/ros2_ws/build/crazyflie_description -- -j22 -l22
[0.857s] DEBUG:colcon.colcon_core.event_handler.log_command:Invoked command in '/home/namgeonwoo/COSHOW/ros2_ws/build/crazyflie_description' returned '0': CMAKE_PREFIX_PATH=${CMAKE_PREFIX_PATH}:/opt/ros/jazzy DEBUGINFOD_URLS=https://debuginfod.ubuntu.com /usr/bin/cmake --build /home/namgeonwoo/COSHOW/ros2_ws/build/crazyflie_description -- -j22 -l22
[0.863s] DEBUG:colcon.colcon_core.event_handler.log_command:Invoking command in '/home/namgeonwoo/COSHOW/ros2_ws/build/crazyflie_description': CMAKE_PREFIX_PATH=${CMAKE_PREFIX_PATH}:/opt/ros/jazzy DEBUGINFOD_URLS=https://debuginfod.ubuntu.com /usr/bin/cmake --install /home/namgeonwoo/COSHOW/ros2_ws/build/crazyflie_description
[0.990s] Level 1:colcon.colcon_core.environment:create_environment_scripts_only(crazyflie_description)
[0.990s] DEBUG:colcon.colcon_core.event_handler.log_command:Invoked command in '/home/namgeonwoo/COSHOW/ros2_ws/build/crazyflie_description' returned '0': CMAKE_PREFIX_PATH=${CMAKE_PREFIX_PATH}:/opt/ros/jazzy DEBUGINFOD_URLS=https://debuginfod.ubuntu.com /usr/bin/cmake --install /home/namgeonwoo/COSHOW/ros2_ws/build/crazyflie_description
[0.994s] Level 1:colcon.colcon_core.environment:checking '/home/namgeonwoo/COSHOW/ros2_ws/install/crazyflie_description' for CMake module files
[0.995s] Level 1:colcon.colcon_core.environment:checking '/home/namgeonwoo/COSHOW/ros2_ws/install/crazyflie_description' for CMake config files
[0.995s] Level 1:colcon.colcon_core.shell:create_environment_hook('crazyflie_description', 'cmake_prefix_path')
[0.995s] INFO:colcon.colcon_core.shell:Creating environment hook '/home/namgeonwoo/COSHOW/ros2_ws/install/crazyflie_description/share/crazyflie_description/hook/cmake_prefix_path.ps1'
[0.995s] INFO:colcon.colcon_core.shell:Creating environment descriptor '/home/namgeonwoo/COSHOW/ros2_ws/install/crazyflie_description/share/crazyflie_description/hook/cmake_prefix_path.dsv'
[0.995s] INFO:colcon.colcon_core.shell:Creating environment hook '/home/namgeonwoo/COSHOW/ros2_ws/install/crazyflie_description/share/crazyflie_description/hook/cmake_prefix_path.sh'
[0.996s] Level 1:colcon.colcon_core.environment:checking '/home/namgeonwoo/COSHOW/ros2_ws/install/crazyflie_description/bin'
[0.996s] Level 1:colcon.colcon_core.environment:checking '/home/namgeonwoo/COSHOW/ros2_ws/install/crazyflie_description/lib/pkgconfig/crazyflie_description.pc'
[0.996s] Level 1:colcon.colcon_core.environment:checking '/home/namgeonwoo/COSHOW/ros2_ws/install/crazyflie_description/lib/python3.12/site-packages'
[0.996s] Level 1:colcon.colcon_core.environment:checking '/home/namgeonwoo/COSHOW/ros2_ws/install/crazyflie_description/bin'
[0.996s] INFO:colcon.colcon_core.shell:Creating package script '/home/namgeonwoo/COSHOW/ros2_ws/install/crazyflie_description/share/crazyflie_description/package.ps1'
[0.997s] INFO:colcon.colcon_core.shell:Creating package descriptor '/home/namgeonwoo/COSHOW/ros2_ws/install/crazyflie_description/share/crazyflie_description/package.dsv'
[0.997s] INFO:colcon.colcon_core.shell:Creating package script '/home/namgeonwoo/COSHOW/ros2_ws/install/crazyflie_description/share/crazyflie_description/package.sh'
[0.998s] INFO:colcon.colcon_core.shell:Creating package script '/home/namgeonwoo/COSHOW/ros2_ws/install/crazyflie_description/share/crazyflie_description/package.bash'
[0.998s] INFO:colcon.colcon_core.shell:Creating package script '/home/namgeonwoo/COSHOW/ros2_ws/install/crazyflie_description/share/crazyflie_description/package.zsh'
[0.998s] Level 1:colcon.colcon_core.environment:create_file_with_runtime_dependencies(/home/namgeonwoo/COSHOW/ros2_ws/install/crazyflie_description/share/colcon-core/packages/crazyflie_description)
[0.999s] Level 1:colcon.colcon_core.environment:create_environment_scripts_only(crazyflie_description)
[0.999s] Level 1:colcon.colcon_core.environment:checking '/home/namgeonwoo/COSHOW/ros2_ws/install/crazyflie_description' for CMake module files
[0.999s] Level 1:colcon.colcon_core.environment:checking '/home/namgeonwoo/COSHOW/ros2_ws/install/crazyflie_description' for CMake config files
[0.999s] Level 1:colcon.colcon_core.shell:create_environment_hook('crazyflie_description', 'cmake_prefix_path')
[0.999s] INFO:colcon.colcon_core.shell:Creating environment hook '/home/namgeonwoo/COSHOW/ros2_ws/install/crazyflie_description/share/crazyflie_description/hook/cmake_prefix_path.ps1'
[0.999s] INFO:colcon.colcon_core.shell:Creating environment descriptor '/home/namgeonwoo/COSHOW/ros2_ws/install/crazyflie_description/share/crazyflie_description/hook/cmake_prefix_path.dsv'
[0.999s] INFO:colcon.colcon_core.shell:Creating environment hook '/home/namgeonwoo/COSHOW/ros2_ws/install/crazyflie_description/share/crazyflie_description/hook/cmake_prefix_path.sh'
[1.000s] Level 1:colcon.colcon_core.environment:checking '/home/namgeonwoo/COSHOW/ros2_ws/install/crazyflie_description/bin'
[1.000s] Level 1:colcon.colcon_core.environment:checking '/home/namgeonwoo/COSHOW/ros2_ws/install/crazyflie_description/lib/pkgconfig/crazyflie_description.pc'
[1.000s] Level 1:colcon.colcon_core.environment:checking '/home/namgeonwoo/COSHOW/ros2_ws/install/crazyflie_description/lib/python3.12/site-packages'
[1.000s] Level 1:colcon.colcon_core.environment:checking '/home/namgeonwoo/COSHOW/ros2_ws/install/crazyflie_description/bin'
[1.001s] INFO:colcon.colcon_core.shell:Creating package script '/home/namgeonwoo/COSHOW/ros2_ws/install/crazyflie_description/share/crazyflie_description/package.ps1'
[1.001s] INFO:colcon.colcon_core.shell:Creating package descriptor '/home/namgeonwoo/COSHOW/ros2_ws/install/crazyflie_description/share/crazyflie_description/package.dsv'
[1.002s] INFO:colcon.colcon_core.shell:Creating package script '/home/namgeonwoo/COSHOW/ros2_ws/install/crazyflie_description/share/crazyflie_description/package.sh'
[1.002s] INFO:colcon.colcon_core.shell:Creating package script '/home/namgeonwoo/COSHOW/ros2_ws/install/crazyflie_description/share/crazyflie_description/package.bash'
[1.002s] INFO:colcon.colcon_core.shell:Creating package script '/home/namgeonwoo/COSHOW/ros2_ws/install/crazyflie_description/share/crazyflie_description/package.zsh'
[1.002s] Level 1:colcon.colcon_core.environment:create_file_with_runtime_dependencies(/home/namgeonwoo/COSHOW/ros2_ws/install/crazyflie_description/share/colcon-core/packages/crazyflie_description)
[2.962s] DEBUG:colcon.colcon_core.event_handler.log_command:Invoked command in '/home/namgeonwoo/COSHOW/ros2_ws/build/crazyflie_interfaces' returned '0': CMAKE_PREFIX_PATH=${CMAKE_PREFIX_PATH}:/opt/ros/jazzy DEBUGINFOD_URLS=https://debuginfod.ubuntu.com /usr/bin/cmake /home/namgeonwoo/COSHOW/ros2_ws/src/crazyswarm2/crazyflie_interfaces -DAMENT_CMAKE_SYMLINK_INSTALL=1 -DCMAKE_INSTALL_PREFIX=/home/namgeonwoo/COSHOW/ros2_ws/install/crazyflie_interfaces
[2.962s] DEBUG:colcon.colcon_core.event_handler.log_command:Invoking command in '/home/namgeonwoo/COSHOW/ros2_ws/build/crazyflie_interfaces': CMAKE_PREFIX_PATH=${CMAKE_PREFIX_PATH}:/opt/ros/jazzy DEBUGINFOD_URLS=https://debuginfod.ubuntu.com /usr/bin/cmake --build /home/namgeonwoo/COSHOW/ros2_ws/build/crazyflie_interfaces -- -j22 -l22
[12.088s] DEBUG:colcon.colcon_core.event_handler.log_command:Invoked command in '/home/namgeonwoo/COSHOW/ros2_ws/build/crazyflie_interfaces' returned '0': CMAKE_PREFIX_PATH=${CMAKE_PREFIX_PATH}:/opt/ros/jazzy DEBUGINFOD_URLS=https://debuginfod.ubuntu.com /usr/bin/cmake --build /home/namgeonwoo/COSHOW/ros2_ws/build/crazyflie_interfaces -- -j22 -l22
[12.089s] DEBUG:colcon.colcon_core.event_handler.log_command:Invoking command in '/home/namgeonwoo/COSHOW/ros2_ws/build/crazyflie_interfaces': CMAKE_PREFIX_PATH=${CMAKE_PREFIX_PATH}:/opt/ros/jazzy DEBUGINFOD_URLS=https://debuginfod.ubuntu.com /usr/bin/cmake --install /home/namgeonwoo/COSHOW/ros2_ws/build/crazyflie_interfaces
[14.843s] Level 1:colcon.colcon_core.environment:create_environment_scripts_only(crazyflie_interfaces)
[14.844s] Level 1:colcon.colcon_core.environment:checking '/home/namgeonwoo/COSHOW/ros2_ws/install/crazyflie_interfaces' for CMake module files
[14.844s] DEBUG:colcon.colcon_core.event_handler.log_command:Invoked command in '/home/namgeonwoo/COSHOW/ros2_ws/build/crazyflie_interfaces' returned '0': CMAKE_PREFIX_PATH=${CMAKE_PREFIX_PATH}:/opt/ros/jazzy DEBUGINFOD_URLS=https://debuginfod.ubuntu.com /usr/bin/cmake --install /home/namgeonwoo/COSHOW/ros2_ws/build/crazyflie_interfaces
[14.844s] Level 1:colcon.colcon_core.environment:checking '/home/namgeonwoo/COSHOW/ros2_ws/install/crazyflie_interfaces' for CMake config files
[14.845s] Level 1:colcon.colcon_core.shell:create_environment_hook('crazyflie_interfaces', 'cmake_prefix_path')
[14.845s] INFO:colcon.colcon_core.shell:Creating environment hook '/home/namgeonwoo/COSHOW/ros2_ws/install/crazyflie_interfaces/share/crazyflie_interfaces/hook/cmake_prefix_path.ps1'
[14.846s] INFO:colcon.colcon_core.shell:Creating environment descriptor '/home/namgeonwoo/COSHOW/ros2_ws/install/crazyflie_interfaces/share/crazyflie_interfaces/hook/cmake_prefix_path.dsv'
[14.846s] INFO:colcon.colcon_core.shell:Creating environment hook '/home/namgeonwoo/COSHOW/ros2_ws/install/crazyflie_interfaces/share/crazyflie_interfaces/hook/cmake_prefix_path.sh'
[14.846s] Level 1:colcon.colcon_core.environment:checking '/home/namgeonwoo/COSHOW/ros2_ws/install/crazyflie_interfaces/lib'
[14.846s] Level 1:colcon.colcon_core.shell:create_environment_hook('crazyflie_interfaces', 'ld_library_path_lib')
[14.847s] INFO:colcon.colcon_core.shell:Creating environment hook '/home/namgeonwoo/COSHOW/ros2_ws/install/crazyflie_interfaces/share/crazyflie_interfaces/hook/ld_library_path_lib.ps1'
[14.847s] INFO:colcon.colcon_core.shell:Creating environment descriptor '/home/namgeonwoo/COSHOW/ros2_ws/install/crazyflie_interfaces/share/crazyflie_interfaces/hook/ld_library_path_lib.dsv'
[14.847s] INFO:colcon.colcon_core.shell:Creating environment hook '/home/namgeonwoo/COSHOW/ros2_ws/install/crazyflie_interfaces/share/crazyflie_interfaces/hook/ld_library_path_lib.sh'
[14.847s] Level 1:colcon.colcon_core.environment:checking '/home/namgeonwoo/COSHOW/ros2_ws/install/crazyflie_interfaces/bin'
[14.847s] Level 1:colcon.colcon_core.environment:checking '/home/namgeonwoo/COSHOW/ros2_ws/install/crazyflie_interfaces/lib/pkgconfig/crazyflie_interfaces.pc'
[14.848s] Level 1:colcon.colcon_core.environment:checking '/home/namgeonwoo/COSHOW/ros2_ws/install/crazyflie_interfaces/lib/python3.12/site-packages'
[14.848s] Level 1:colcon.colcon_core.shell:create_environment_hook('crazyflie_interfaces', 'pythonpath')
[14.848s] INFO:colcon.colcon_core.shell:Creating environment hook '/home/namgeonwoo/COSHOW/ros2_ws/install/crazyflie_interfaces/share/crazyflie_interfaces/hook/pythonpath.ps1'
[14.848s] INFO:colcon.colcon_core.shell:Creating environment descriptor '/home/namgeonwoo/COSHOW/ros2_ws/install/crazyflie_interfaces/share/crazyflie_interfaces/hook/pythonpath.dsv'
[14.848s] INFO:colcon.colcon_core.shell:Creating environment hook '/home/namgeonwoo/COSHOW/ros2_ws/install/crazyflie_interfaces/share/crazyflie_interfaces/hook/pythonpath.sh'
[14.849s] Level 1:colcon.colcon_core.environment:checking '/home/namgeonwoo/COSHOW/ros2_ws/install/crazyflie_interfaces/bin'
[14.849s] INFO:colcon.colcon_core.shell:Creating package script '/home/namgeonwoo/COSHOW/ros2_ws/install/crazyflie_interfaces/share/crazyflie_interfaces/package.ps1'
[14.850s] INFO:colcon.colcon_core.shell:Creating package descriptor '/home/namgeonwoo/COSHOW/ros2_ws/install/crazyflie_interfaces/share/crazyflie_interfaces/package.dsv'
[14.850s] INFO:colcon.colcon_core.shell:Creating package script '/home/namgeonwoo/COSHOW/ros2_ws/install/crazyflie_interfaces/share/crazyflie_interfaces/package.sh'
[14.850s] INFO:colcon.colcon_core.shell:Creating package script '/home/namgeonwoo/COSHOW/ros2_ws/install/crazyflie_interfaces/share/crazyflie_interfaces/package.bash'
[14.850s] INFO:colcon.colcon_core.shell:Creating package script '/home/namgeonwoo/COSHOW/ros2_ws/install/crazyflie_interfaces/share/crazyflie_interfaces/package.zsh'
[14.851s] Level 1:colcon.colcon_core.environment:create_file_with_runtime_dependencies(/home/namgeonwoo/COSHOW/ros2_ws/install/crazyflie_interfaces/share/colcon-core/packages/crazyflie_interfaces)
[14.851s] Level 1:colcon.colcon_core.environment:create_environment_scripts_only(crazyflie_interfaces)
[14.851s] Level 1:colcon.colcon_core.environment:checking '/home/namgeonwoo/COSHOW/ros2_ws/install/crazyflie_interfaces' for CMake module files
[14.852s] Level 1:colcon.colcon_core.environment:checking '/home/namgeonwoo/COSHOW/ros2_ws/install/crazyflie_interfaces' for CMake config files
[14.852s] Level 1:colcon.colcon_core.shell:create_environment_hook('crazyflie_interfaces', 'cmake_prefix_path')
[14.852s] INFO:colcon.colcon_core.shell:Creating environment hook '/home/namgeonwoo/COSHOW/ros2_ws/install/crazyflie_interfaces/share/crazyflie_interfaces/hook/cmake_prefix_path.ps1'
[14.853s] INFO:colcon.colcon_core.shell:Creating environment descriptor '/home/namgeonwoo/COSHOW/ros2_ws/install/crazyflie_interfaces/share/crazyflie_interfaces/hook/cmake_prefix_path.dsv'
[14.853s] INFO:colcon.colcon_core.shell:Creating environment hook '/home/namgeonwoo/COSHOW/ros2_ws/install/crazyflie_interfaces/share/crazyflie_interfaces/hook/cmake_prefix_path.sh'
[14.853s] Level 1:colcon.colcon_core.environment:checking '/home/namgeonwoo/COSHOW/ros2_ws/install/crazyflie_interfaces/lib'
[14.853s] Level 1:colcon.colcon_core.shell:create_environment_hook('crazyflie_interfaces', 'ld_library_path_lib')
[14.853s] INFO:colcon.colcon_core.shell:Creating environment hook '/home/namgeonwoo/COSHOW/ros2_ws/install/crazyflie_interfaces/share/crazyflie_interfaces/hook/ld_library_path_lib.ps1'
[14.853s] INFO:colcon.colcon_core.shell:Creating environment descriptor '/home/namgeonwoo/COSHOW/ros2_ws/install/crazyflie_interfaces/share/crazyflie_interfaces/hook/ld_library_path_lib.dsv'
[14.854s] INFO:colcon.colcon_core.shell:Creating environment hook '/home/namgeonwoo/COSHOW/ros2_ws/install/crazyflie_interfaces/share/crazyflie_interfaces/hook/ld_library_path_lib.sh'
[14.854s] Level 1:colcon.colcon_core.environment:checking '/home/namgeonwoo/COSHOW/ros2_ws/install/crazyflie_interfaces/bin'
[14.854s] Level 1:colcon.colcon_core.environment:checking '/home/namgeonwoo/COSHOW/ros2_ws/install/crazyflie_interfaces/lib/pkgconfig/crazyflie_interfaces.pc'
[14.854s] Level 1:colcon.colcon_core.environment:checking '/home/namgeonwoo/COSHOW/ros2_ws/install/crazyflie_interfaces/lib/python3.12/site-packages'
[14.854s] Level 1:colcon.colcon_core.shell:create_environment_hook('crazyflie_interfaces', 'pythonpath')
[14.854s] INFO:colcon.colcon_core.shell:Creating environment hook '/home/namgeonwoo/COSHOW/ros2_ws/install/crazyflie_interfaces/share/crazyflie_interfaces/hook/pythonpath.ps1'
[14.854s] INFO:colcon.colcon_core.shell:Creating environment descriptor '/home/namgeonwoo/COSHOW/ros2_ws/install/crazyflie_interfaces/share/crazyflie_interfaces/hook/pythonpath.dsv'
[14.854s] INFO:colcon.colcon_core.shell:Creating environment hook '/home/namgeonwoo/COSHOW/ros2_ws/install/crazyflie_interfaces/share/crazyflie_interfaces/hook/pythonpath.sh'
[14.855s] Level 1:colcon.colcon_core.environment:checking '/home/namgeonwoo/COSHOW/ros2_ws/install/crazyflie_interfaces/bin'
[14.855s] INFO:colcon.colcon_core.shell:Creating package script '/home/namgeonwoo/COSHOW/ros2_ws/install/crazyflie_interfaces/share/crazyflie_interfaces/package.ps1'
[14.855s] INFO:colcon.colcon_core.shell:Creating package descriptor '/home/namgeonwoo/COSHOW/ros2_ws/install/crazyflie_interfaces/share/crazyflie_interfaces/package.dsv'
[14.855s] INFO:colcon.colcon_core.shell:Creating package script '/home/namgeonwoo/COSHOW/ros2_ws/install/crazyflie_interfaces/share/crazyflie_interfaces/package.sh'
[14.856s] INFO:colcon.colcon_core.shell:Creating package script '/home/namgeonwoo/COSHOW/ros2_ws/install/crazyflie_interfaces/share/crazyflie_interfaces/package.bash'
[14.856s] INFO:colcon.colcon_core.shell:Creating package script '/home/namgeonwoo/COSHOW/ros2_ws/install/crazyflie_interfaces/share/crazyflie_interfaces/package.zsh'
[14.856s] Level 1:colcon.colcon_core.environment:create_file_with_runtime_dependencies(/home/namgeonwoo/COSHOW/ros2_ws/install/crazyflie_interfaces/share/colcon-core/packages/crazyflie_interfaces)
[14.856s] INFO:colcon.colcon_ros.task.ament_python.build:Building ROS package in '/home/namgeonwoo/COSHOW/ros2_ws/src/crazyswarm2/crazyflie_py' with build type 'ament_python'
[14.856s] Level 1:colcon.colcon_core.shell:create_environment_hook('crazyflie_py', 'ament_prefix_path')
[14.856s] INFO:colcon.colcon_core.shell:Creating environment hook '/home/namgeonwoo/COSHOW/ros2_ws/install/crazyflie_py/share/crazyflie_py/hook/ament_prefix_path.ps1'
[14.857s] INFO:colcon.colcon_core.shell:Creating environment descriptor '/home/namgeonwoo/COSHOW/ros2_ws/install/crazyflie_py/share/crazyflie_py/hook/ament_prefix_path.dsv'
[14.857s] INFO:colcon.colcon_core.shell:Creating environment hook '/home/namgeonwoo/COSHOW/ros2_ws/install/crazyflie_py/share/crazyflie_py/hook/ament_prefix_path.sh'
[14.857s] INFO:colcon.colcon_core.shell:Skip shell extension 'powershell' for command environment: Not usable outside of PowerShell
[14.857s] DEBUG:colcon.colcon_core.shell:Skip shell extension 'dsv' for command environment
[14.859s] INFO:colcon.colcon_ros.task.ament_cmake.build:Building ROS package in '/home/namgeonwoo/COSHOW/ros2_ws/src/crazyswarm2/crazyflie_server_cpp' with build type 'ament_cmake'
[14.860s] INFO:colcon.colcon_cmake.task.cmake.build:Building CMake package in '/home/namgeonwoo/COSHOW/ros2_ws/src/crazyswarm2/crazyflie_server_cpp'
[14.860s] INFO:colcon.colcon_core.shell:Skip shell extension 'powershell' for command environment: Not usable outside of PowerShell
[14.860s] DEBUG:colcon.colcon_core.shell:Skip shell extension 'dsv' for command environment
[14.861s] INFO:colcon.colcon_ros.task.ament_python.build:Building ROS package in '/home/namgeonwoo/COSHOW/ros2_ws/src/crazyswarm2/crazyflie_server_py' with build type 'ament_python'
[14.862s] Level 1:colcon.colcon_core.shell:create_environment_hook('crazyflie_server_py', 'ament_prefix_path')
[14.862s] INFO:colcon.colcon_core.shell:Creating environment hook '/home/namgeonwoo/COSHOW/ros2_ws/install/crazyflie_server_py/share/crazyflie_server_py/hook/ament_prefix_path.ps1'
[14.862s] INFO:colcon.colcon_core.shell:Creating environment descriptor '/home/namgeonwoo/COSHOW/ros2_ws/install/crazyflie_server_py/share/crazyflie_server_py/hook/ament_prefix_path.dsv'
[14.862s] INFO:colcon.colcon_core.shell:Creating environment hook '/home/namgeonwoo/COSHOW/ros2_ws/install/crazyflie_server_py/share/crazyflie_server_py/hook/ament_prefix_path.sh'
[14.862s] INFO:colcon.colcon_core.shell:Skip shell extension 'powershell' for command environment: Not usable outside of PowerShell
[14.862s] DEBUG:colcon.colcon_core.shell:Skip shell extension 'dsv' for command environment
[14.864s] INFO:colcon.colcon_ros.task.ament_cmake.build:Building ROS package in '/home/namgeonwoo/COSHOW/ros2_ws/src/crazyswarm2/crazyflie_sim' with build type 'ament_cmake'
[14.864s] INFO:colcon.colcon_cmake.task.cmake.build:Building CMake package in '/home/namgeonwoo/COSHOW/ros2_ws/src/crazyswarm2/crazyflie_sim'
[14.864s] INFO:colcon.colcon_core.shell:Skip shell extension 'powershell' for command environment: Not usable outside of PowerShell
[14.864s] DEBUG:colcon.colcon_core.shell:Skip shell extension 'dsv' for command environment
[15.015s] INFO:colcon.colcon_core.task.python.build:Building Python package in '/home/namgeonwoo/COSHOW/ros2_ws/src/crazyswarm2/crazyflie_py'
[15.015s] INFO:colcon.colcon_core.shell:Skip shell extension 'powershell' for command environment: Not usable outside of PowerShell
[15.015s] DEBUG:colcon.colcon_core.shell:Skip shell extension 'dsv' for command environment
[15.020s] DEBUG:colcon.colcon_core.event_handler.log_command:Invoking command in '/home/namgeonwoo/COSHOW/ros2_ws/build/crazyflie_server_cpp': AMENT_PREFIX_PATH=/home/namgeonwoo/COSHOW/ros2_ws/install/crazyflie_interfaces:${AMENT_PREFIX_PATH} CMAKE_PREFIX_PATH=/home/namgeonwoo/COSHOW/ros2_ws/install/crazyflie_interfaces:/opt/ros/jazzy/opt/sdformat_vendor:/opt/ros/jazzy/opt/gz_math_vendor:/opt/ros/jazzy/opt/gz_utils_vendor:/opt/ros/jazzy/opt/gz_tools_vendor:/opt/ros/jazzy/opt/gz_cmake_vendor:/opt/ros/jazzy DEBUGINFOD_URLS=https://debuginfod.ubuntu.com LD_LIBRARY_PATH=/home/namgeonwoo/COSHOW/ros2_ws/install/crazyflie_interfaces/lib:${LD_LIBRARY_PATH} PYTHONPATH=/home/namgeonwoo/COSHOW/ros2_ws/install/crazyflie_interfaces/lib/python3.12/site-packages:${PYTHONPATH} /usr/bin/cmake /home/namgeonwoo/COSHOW/ros2_ws/src/crazyswarm2/crazyflie_server_cpp -DAMENT_CMAKE_SYMLINK_INSTALL=1 -DCMAKE_INSTALL_PREFIX=/home/namgeonwoo/COSHOW/ros2_ws/install/crazyflie_server_cpp
[15.187s] INFO:colcon.colcon_core.task.python.build:Building Python package in '/home/namgeonwoo/COSHOW/ros2_ws/src/crazyswarm2/crazyflie_server_py'
[15.187s] INFO:colcon.colcon_core.shell:Skip shell extension 'powershell' for command environment: Not usable outside of PowerShell
[15.187s] DEBUG:colcon.colcon_core.shell:Skip shell extension 'dsv' for command environment
[15.190s] DEBUG:colcon.colcon_core.event_handler.log_command:Invoking command in '/home/namgeonwoo/COSHOW/ros2_ws/build/crazyflie_sim': AMENT_PREFIX_PATH=/home/namgeonwoo/COSHOW/ros2_ws/install/crazyflie_interfaces:${AMENT_PREFIX_PATH} CMAKE_PREFIX_PATH=/home/namgeonwoo/COSHOW/ros2_ws/install/crazyflie_interfaces:/opt/ros/jazzy/opt/sdformat_vendor:/opt/ros/jazzy/opt/gz_math_vendor:/opt/ros/jazzy/opt/gz_utils_vendor:/opt/ros/jazzy/opt/gz_tools_vendor:/opt/ros/jazzy/opt/gz_cmake_vendor:/opt/ros/jazzy DEBUGINFOD_URLS=https://debuginfod.ubuntu.com LD_LIBRARY_PATH=/home/namgeonwoo/COSHOW/ros2_ws/install/crazyflie_interfaces/lib:${LD_LIBRARY_PATH} PYTHONPATH=/home/namgeonwoo/COSHOW/ros2_ws/install/crazyflie_interfaces/lib/python3.12/site-packages:${PYTHONPATH} /usr/bin/cmake /home/namgeonwoo/COSHOW/ros2_ws/src/crazyswarm2/crazyflie_sim -DAMENT_CMAKE_SYMLINK_INSTALL=1 -DCMAKE_INSTALL_PREFIX=/home/namgeonwoo/COSHOW/ros2_ws/install/crazyflie_sim
[15.690s] DEBUG:colcon.colcon_core.task.python.build:Available setuptools commands: install_egg_info, egg_info, build_ext, build, dist_info, extract_messages, clean, sdist, develop, editable_wheel, bdist_rpm, install_headers, rotate, build_clib, bdist, register, upload, alias, check, install_scripts, upload_docs, install, easy_install, test, bdist_egg, compile_catalog, install_data, bdist_dumb, build_scripts, setopt, init_catalog, bdist_wheel, saveopts, install_lib, update_catalog, symlink_data, build_py
[15.723s] DEBUG:colcon.colcon_core.task.python.build:Available setuptools commands: install_egg_info, egg_info, build_ext, build, dist_info, extract_messages, clean, sdist, develop, editable_wheel, bdist_rpm, install_headers, rotate, build_clib, bdist, register, upload, alias, check, install_scripts, upload_docs, install, easy_install, test, bdist_egg, compile_catalog, install_data, bdist_dumb, build_scripts, setopt, init_catalog, bdist_wheel, saveopts, install_lib, update_catalog, symlink_data, build_py
[15.961s] DEBUG:colcon.colcon_core.task.python.build:Available setuptools 'develop' options: --uninstall, --no-find-links, --script-dir, --install-layout, --build-directory, --always-unzip, --optimize, --no-user-cfg, --allow-hosts, --record, --help, --zip-ok, --editable, --quiet, --dry-run, --find-links, --site-dirs, --always-copy, --user, --prefix, --multi-version, --egg-path, --index-url, --exclude-scripts, --verbose, --no-deps, --force-installation-into-system-dir, --install-dir, --local-snapshots-ok, --upgrade, --version
[15.962s] DEBUG:colcon.colcon_core.event_handler.log_command:Invoking command in '/home/namgeonwoo/COSHOW/ros2_ws/build/crazyflie_server_py': AMENT_PREFIX_PATH=/home/namgeonwoo/COSHOW/ros2_ws/install/crazyflie_interfaces:${AMENT_PREFIX_PATH} CMAKE_PREFIX_PATH=/home/namgeonwoo/COSHOW/ros2_ws/install/crazyflie_interfaces:${CMAKE_PREFIX_PATH} DEBUGINFOD_URLS=https://debuginfod.ubuntu.com LD_LIBRARY_PATH=/home/namgeonwoo/COSHOW/ros2_ws/install/crazyflie_interfaces/lib:${LD_LIBRARY_PATH} PYTHONPATH=/home/namgeonwoo/COSHOW/ros2_ws/build/crazyflie_server_py/prefix_override:/usr/lib/python3/dist-packages/colcon_core/task/python/colcon_distutils_commands:/home/namgeonwoo/COSHOW/ros2_ws/install/crazyflie_server_py/lib/python3.12/site-packages:/home/namgeonwoo/COSHOW/ros2_ws/install/crazyflie_interfaces/lib/python3.12/site-packages:${PYTHONPATH} /usr/bin/python3 -W ignore:setup.py install is deprecated -W ignore:easy_install command is deprecated setup.py develop --editable --build-directory /home/namgeonwoo/COSHOW/ros2_ws/build/crazyflie_server_py/build --no-deps symlink_data
[15.997s] DEBUG:colcon.colcon_core.task.python.build:Available setuptools 'develop' options: --uninstall, --no-find-links, --script-dir, --install-layout, --build-directory, --always-unzip, --optimize, --no-user-cfg, --allow-hosts, --record, --help, --zip-ok, --editable, --quiet, --dry-run, --find-links, --site-dirs, --always-copy, --user, --prefix, --multi-version, --egg-path, --index-url, --exclude-scripts, --verbose, --no-deps, --force-installation-into-system-dir, --install-dir, --local-snapshots-ok, --upgrade, --version
[16.000s] DEBUG:colcon.colcon_core.event_handler.log_command:Invoking command in '/home/namgeonwoo/COSHOW/ros2_ws/build/crazyflie_py': AMENT_PREFIX_PATH=/home/namgeonwoo/COSHOW/ros2_ws/install/crazyflie_interfaces:${AMENT_PREFIX_PATH} CMAKE_PREFIX_PATH=/home/namgeonwoo/COSHOW/ros2_ws/install/crazyflie_interfaces:${CMAKE_PREFIX_PATH} DEBUGINFOD_URLS=https://debuginfod.ubuntu.com LD_LIBRARY_PATH=/home/namgeonwoo/COSHOW/ros2_ws/install/crazyflie_interfaces/lib:${LD_LIBRARY_PATH} PYTHONPATH=/home/namgeonwoo/COSHOW/ros2_ws/build/crazyflie_py/prefix_override:/usr/lib/python3/dist-packages/colcon_core/task/python/colcon_distutils_commands:/home/namgeonwoo/COSHOW/ros2_ws/install/crazyflie_py/lib/python3.12/site-packages:/home/namgeonwoo/COSHOW/ros2_ws/install/crazyflie_interfaces/lib/python3.12/site-packages:${PYTHONPATH} /usr/bin/python3 -W ignore:setup.py install is deprecated -W ignore:easy_install command is deprecated setup.py develop --editable --build-directory /home/namgeonwoo/COSHOW/ros2_ws/build/crazyflie_py/build --no-deps symlink_data
[16.320s] DEBUG:colcon.colcon_core.event_handler.log_command:Invoked command in '/home/namgeonwoo/COSHOW/ros2_ws/build/crazyflie_server_cpp' returned '0': AMENT_PREFIX_PATH=/home/namgeonwoo/COSHOW/ros2_ws/install/crazyflie_interfaces:${AMENT_PREFIX_PATH} CMAKE_PREFIX_PATH=/home/namgeonwoo/COSHOW/ros2_ws/install/crazyflie_interfaces:/opt/ros/jazzy/opt/sdformat_vendor:/opt/ros/jazzy/opt/gz_math_vendor:/opt/ros/jazzy/opt/gz_utils_vendor:/opt/ros/jazzy/opt/gz_tools_vendor:/opt/ros/jazzy/opt/gz_cmake_vendor:/opt/ros/jazzy DEBUGINFOD_URLS=https://debuginfod.ubuntu.com LD_LIBRARY_PATH=/home/namgeonwoo/COSHOW/ros2_ws/install/crazyflie_interfaces/lib:${LD_LIBRARY_PATH} PYTHONPATH=/home/namgeonwoo/COSHOW/ros2_ws/install/crazyflie_interfaces/lib/python3.12/site-packages:${PYTHONPATH} /usr/bin/cmake /home/namgeonwoo/COSHOW/ros2_ws/src/crazyswarm2/crazyflie_server_cpp -DAMENT_CMAKE_SYMLINK_INSTALL=1 -DCMAKE_INSTALL_PREFIX=/home/namgeonwoo/COSHOW/ros2_ws/install/crazyflie_server_cpp
[16.321s] DEBUG:colcon.colcon_core.event_handler.log_command:Invoking command in '/home/namgeonwoo/COSHOW/ros2_ws/build/crazyflie_server_cpp': AMENT_PREFIX_PATH=/home/namgeonwoo/COSHOW/ros2_ws/install/crazyflie_interfaces:${AMENT_PREFIX_PATH} CMAKE_PREFIX_PATH=/home/namgeonwoo/COSHOW/ros2_ws/install/crazyflie_interfaces:/opt/ros/jazzy/opt/sdformat_vendor:/opt/ros/jazzy/opt/gz_math_vendor:/opt/ros/jazzy/opt/gz_utils_vendor:/opt/ros/jazzy/opt/gz_tools_vendor:/opt/ros/jazzy/opt/gz_cmake_vendor:/opt/ros/jazzy DEBUGINFOD_URLS=https://debuginfod.ubuntu.com LD_LIBRARY_PATH=/home/namgeonwoo/COSHOW/ros2_ws/install/crazyflie_interfaces/lib:${LD_LIBRARY_PATH} PYTHONPATH=/home/namgeonwoo/COSHOW/ros2_ws/install/crazyflie_interfaces/lib/python3.12/site-packages:${PYTHONPATH} /usr/bin/cmake --build /home/namgeonwoo/COSHOW/ros2_ws/build/crazyflie_server_cpp -- -j22 -l22
[16.535s] Level 1:colcon.colcon_core.shell:create_environment_hook('crazyflie_py', 'pythonpath_develop')
[16.536s] INFO:colcon.colcon_core.shell:Creating environment hook '/home/namgeonwoo/COSHOW/ros2_ws/build/crazyflie_py/share/crazyflie_py/hook/pythonpath_develop.ps1'
[16.536s] DEBUG:colcon.colcon_core.event_handler.log_command:Invoked command in '/home/namgeonwoo/COSHOW/ros2_ws/build/crazyflie_py' returned '0': AMENT_PREFIX_PATH=/home/namgeonwoo/COSHOW/ros2_ws/install/crazyflie_interfaces:${AMENT_PREFIX_PATH} CMAKE_PREFIX_PATH=/home/namgeonwoo/COSHOW/ros2_ws/install/crazyflie_interfaces:${CMAKE_PREFIX_PATH} DEBUGINFOD_URLS=https://debuginfod.ubuntu.com LD_LIBRARY_PATH=/home/namgeonwoo/COSHOW/ros2_ws/install/crazyflie_interfaces/lib:${LD_LIBRARY_PATH} PYTHONPATH=/home/namgeonwoo/COSHOW/ros2_ws/build/crazyflie_py/prefix_override:/usr/lib/python3/dist-packages/colcon_core/task/python/colcon_distutils_commands:/home/namgeonwoo/COSHOW/ros2_ws/install/crazyflie_py/lib/python3.12/site-packages:/home/namgeonwoo/COSHOW/ros2_ws/install/crazyflie_interfaces/lib/python3.12/site-packages:${PYTHONPATH} /usr/bin/python3 -W ignore:setup.py install is deprecated -W ignore:easy_install command is deprecated setup.py develop --editable --build-directory /home/namgeonwoo/COSHOW/ros2_ws/build/crazyflie_py/build --no-deps symlink_data
[16.537s] INFO:colcon.colcon_core.shell:Creating environment descriptor '/home/namgeonwoo/COSHOW/ros2_ws/build/crazyflie_py/share/crazyflie_py/hook/pythonpath_develop.dsv'
[16.537s] INFO:colcon.colcon_core.shell:Creating environment hook '/home/namgeonwoo/COSHOW/ros2_ws/build/crazyflie_py/share/crazyflie_py/hook/pythonpath_develop.sh'
[16.538s] Level 1:colcon.colcon_core.environment:checking '/home/namgeonwoo/COSHOW/ros2_ws/install/crazyflie_py' for CMake module files
[16.538s] Level 1:colcon.colcon_core.environment:checking '/home/namgeonwoo/COSHOW/ros2_ws/install/crazyflie_py' for CMake config files
[16.539s] Level 1:colcon.colcon_core.environment:checking '/home/namgeonwoo/COSHOW/ros2_ws/install/crazyflie_py/lib'
[16.539s] Level 1:colcon.colcon_core.environment:checking '/home/namgeonwoo/COSHOW/ros2_ws/install/crazyflie_py/bin'
[16.539s] Level 1:colcon.colcon_core.environment:checking '/home/namgeonwoo/COSHOW/ros2_ws/install/crazyflie_py/lib/pkgconfig/crazyflie_py.pc'
[16.539s] Level 1:colcon.colcon_core.environment:checking '/home/namgeonwoo/COSHOW/ros2_ws/install/crazyflie_py/lib/python3.12/site-packages'
[16.539s] Level 1:colcon.colcon_core.shell:create_environment_hook('crazyflie_py', 'pythonpath')
[16.540s] INFO:colcon.colcon_core.shell:Creating environment hook '/home/namgeonwoo/COSHOW/ros2_ws/install/crazyflie_py/share/crazyflie_py/hook/pythonpath.ps1'
[16.540s] INFO:colcon.colcon_core.shell:Creating environment descriptor '/home/namgeonwoo/COSHOW/ros2_ws/install/crazyflie_py/share/crazyflie_py/hook/pythonpath.dsv'
[16.540s] INFO:colcon.colcon_core.shell:Creating environment hook '/home/namgeonwoo/COSHOW/ros2_ws/install/crazyflie_py/share/crazyflie_py/hook/pythonpath.sh'
[16.541s] Level 1:colcon.colcon_core.environment:checking '/home/namgeonwoo/COSHOW/ros2_ws/install/crazyflie_py/bin'
[16.541s] Level 1:colcon.colcon_core.environment:create_environment_scripts_only(crazyflie_py)
[16.542s] INFO:colcon.colcon_core.shell:Creating package script '/home/namgeonwoo/COSHOW/ros2_ws/install/crazyflie_py/share/crazyflie_py/package.ps1'
[16.542s] INFO:colcon.colcon_core.shell:Creating package descriptor '/home/namgeonwoo/COSHOW/ros2_ws/install/crazyflie_py/share/crazyflie_py/package.dsv'
[16.543s] INFO:colcon.colcon_core.shell:Creating package script '/home/namgeonwoo/COSHOW/ros2_ws/install/crazyflie_py/share/crazyflie_py/package.sh'
[16.544s] INFO:colcon.colcon_core.shell:Creating package script '/home/namgeonwoo/COSHOW/ros2_ws/install/crazyflie_py/share/crazyflie_py/package.bash'
[16.544s] INFO:colcon.colcon_core.shell:Creating package script '/home/namgeonwoo/COSHOW/ros2_ws/install/crazyflie_py/share/crazyflie_py/package.zsh'
[16.544s] Level 1:colcon.colcon_core.environment:create_file_with_runtime_dependencies(/home/namgeonwoo/COSHOW/ros2_ws/install/crazyflie_py/share/colcon-core/packages/crazyflie_py)
[16.545s] INFO:colcon.colcon_ros.task.ament_cmake.build:Building ROS package in '/home/namgeonwoo/COSHOW/ros2_ws/src/crazyswarm2/crazyflie_examples' with build type 'ament_cmake'
[16.545s] INFO:colcon.colcon_cmake.task.cmake.build:Building CMake package in '/home/namgeonwoo/COSHOW/ros2_ws/src/crazyswarm2/crazyflie_examples'
[16.545s] INFO:colcon.colcon_core.shell:Skip shell extension 'powershell' for command environment: Not usable outside of PowerShell
[16.545s] DEBUG:colcon.colcon_core.shell:Skip shell extension 'dsv' for command environment
[16.550s] Level 1:colcon.colcon_core.shell:create_environment_hook('crazyflie_server_py', 'pythonpath_develop')
[16.550s] INFO:colcon.colcon_core.shell:Creating environment hook '/home/namgeonwoo/COSHOW/ros2_ws/build/crazyflie_server_py/share/crazyflie_server_py/hook/pythonpath_develop.ps1'
[16.551s] DEBUG:colcon.colcon_core.event_handler.log_command:Invoked command in '/home/namgeonwoo/COSHOW/ros2_ws/build/crazyflie_server_py' returned '0': AMENT_PREFIX_PATH=/home/namgeonwoo/COSHOW/ros2_ws/install/crazyflie_interfaces:${AMENT_PREFIX_PATH} CMAKE_PREFIX_PATH=/home/namgeonwoo/COSHOW/ros2_ws/install/crazyflie_interfaces:${CMAKE_PREFIX_PATH} DEBUGINFOD_URLS=https://debuginfod.ubuntu.com LD_LIBRARY_PATH=/home/namgeonwoo/COSHOW/ros2_ws/install/crazyflie_interfaces/lib:${LD_LIBRARY_PATH} PYTHONPATH=/home/namgeonwoo/COSHOW/ros2_ws/build/crazyflie_server_py/prefix_override:/usr/lib/python3/dist-packages/colcon_core/task/python/colcon_distutils_commands:/home/namgeonwoo/COSHOW/ros2_ws/install/crazyflie_server_py/lib/python3.12/site-packages:/home/namgeonwoo/COSHOW/ros2_ws/install/crazyflie_interfaces/lib/python3.12/site-packages:${PYTHONPATH} /usr/bin/python3 -W ignore:setup.py install is deprecated -W ignore:easy_install command is deprecated setup.py develop --editable --build-directory /home/namgeonwoo/COSHOW/ros2_ws/build/crazyflie_server_py/build --no-deps symlink_data
[16.551s] INFO:colcon.colcon_core.shell:Creating environment descriptor '/home/namgeonwoo/COSHOW/ros2_ws/build/crazyflie_server_py/share/crazyflie_server_py/hook/pythonpath_develop.dsv'
[16.552s] INFO:colcon.colcon_core.shell:Creating environment hook '/home/namgeonwoo/COSHOW/ros2_ws/build/crazyflie_server_py/share/crazyflie_server_py/hook/pythonpath_develop.sh'
[16.552s] Level 1:colcon.colcon_core.environment:checking '/home/namgeonwoo/COSHOW/ros2_ws/install/crazyflie_server_py' for CMake module files
[16.553s] Level 1:colcon.colcon_core.environment:checking '/home/namgeonwoo/COSHOW/ros2_ws/install/crazyflie_server_py' for CMake config files
[16.553s] Level 1:colcon.colcon_core.environment:checking '/home/namgeonwoo/COSHOW/ros2_ws/install/crazyflie_server_py/lib'
[16.553s] Level 1:colcon.colcon_core.environment:checking '/home/namgeonwoo/COSHOW/ros2_ws/install/crazyflie_server_py/bin'
[16.554s] Level 1:colcon.colcon_core.environment:checking '/home/namgeonwoo/COSHOW/ros2_ws/install/crazyflie_server_py/lib/pkgconfig/crazyflie_server_py.pc'
[16.554s] Level 1:colcon.colcon_core.environment:checking '/home/namgeonwoo/COSHOW/ros2_ws/install/crazyflie_server_py/lib/python3.12/site-packages'
[16.554s] Level 1:colcon.colcon_core.shell:create_environment_hook('crazyflie_server_py', 'pythonpath')
[16.554s] INFO:colcon.colcon_core.shell:Creating environment hook '/home/namgeonwoo/COSHOW/ros2_ws/install/crazyflie_server_py/share/crazyflie_server_py/hook/pythonpath.ps1'
[16.555s] INFO:colcon.colcon_core.shell:Creating environment descriptor '/home/namgeonwoo/COSHOW/ros2_ws/install/crazyflie_server_py/share/crazyflie_server_py/hook/pythonpath.dsv'
[16.555s] INFO:colcon.colcon_core.shell:Creating environment hook '/home/namgeonwoo/COSHOW/ros2_ws/install/crazyflie_server_py/share/crazyflie_server_py/hook/pythonpath.sh'
[16.556s] Level 1:colcon.colcon_core.environment:checking '/home/namgeonwoo/COSHOW/ros2_ws/install/crazyflie_server_py/bin'
[16.556s] Level 1:colcon.colcon_core.environment:create_environment_scripts_only(crazyflie_server_py)
[16.556s] INFO:colcon.colcon_core.shell:Creating package script '/home/namgeonwoo/COSHOW/ros2_ws/install/crazyflie_server_py/share/crazyflie_server_py/package.ps1'
[16.557s] INFO:colcon.colcon_core.shell:Creating package descriptor '/home/namgeonwoo/COSHOW/ros2_ws/install/crazyflie_server_py/share/crazyflie_server_py/package.dsv'
[16.557s] INFO:colcon.colcon_core.shell:Creating package script '/home/namgeonwoo/COSHOW/ros2_ws/install/crazyflie_server_py/share/crazyflie_server_py/package.sh'
[16.558s] INFO:colcon.colcon_core.shell:Creating package script '/home/namgeonwoo/COSHOW/ros2_ws/install/crazyflie_server_py/share/crazyflie_server_py/package.bash'
[16.558s] INFO:colcon.colcon_core.shell:Creating package script '/home/namgeonwoo/COSHOW/ros2_ws/install/crazyflie_server_py/share/crazyflie_server_py/package.zsh'
[16.558s] Level 1:colcon.colcon_core.environment:create_file_with_runtime_dependencies(/home/namgeonwoo/COSHOW/ros2_ws/install/crazyflie_server_py/share/colcon-core/packages/crazyflie_server_py)
[16.562s] DEBUG:colcon.colcon_core.event_handler.log_command:Invoking command in '/home/namgeonwoo/COSHOW/ros2_ws/build/crazyflie_examples': AMENT_PREFIX_PATH=/home/namgeonwoo/COSHOW/ros2_ws/install/crazyflie_py:/home/namgeonwoo/COSHOW/ros2_ws/install/crazyflie_interfaces:${AMENT_PREFIX_PATH} CMAKE_PREFIX_PATH=/home/namgeonwoo/COSHOW/ros2_ws/install/crazyflie_interfaces:/opt/ros/jazzy/opt/sdformat_vendor:/opt/ros/jazzy/opt/gz_math_vendor:/opt/ros/jazzy/opt/gz_utils_vendor:/opt/ros/jazzy/opt/gz_tools_vendor:/opt/ros/jazzy/opt/gz_cmake_vendor:/opt/ros/jazzy DEBUGINFOD_URLS=https://debuginfod.ubuntu.com LD_LIBRARY_PATH=/home/namgeonwoo/COSHOW/ros2_ws/install/crazyflie_interfaces/lib:${LD_LIBRARY_PATH} PYTHONPATH=/home/namgeonwoo/COSHOW/ros2_ws/build/crazyflie_py:/home/namgeonwoo/COSHOW/ros2_ws/install/crazyflie_py/lib/python3.12/site-packages:/home/namgeonwoo/COSHOW/ros2_ws/install/crazyflie_interfaces/lib/python3.12/site-packages:${PYTHONPATH} /usr/bin/cmake /home/namgeonwoo/COSHOW/ros2_ws/src/crazyswarm2/crazyflie_examples -DAMENT_CMAKE_SYMLINK_INSTALL=1 -DCMAKE_INSTALL_PREFIX=/home/namgeonwoo/COSHOW/ros2_ws/install/crazyflie_examples
[16.562s] DEBUG:colcon.colcon_core.event_handler.log_command:Invoked command in '/home/namgeonwoo/COSHOW/ros2_ws/build/crazyflie_sim' returned '0': AMENT_PREFIX_PATH=/home/namgeonwoo/COSHOW/ros2_ws/install/crazyflie_interfaces:${AMENT_PREFIX_PATH} CMAKE_PREFIX_PATH=/home/namgeonwoo/COSHOW/ros2_ws/install/crazyflie_interfaces:/opt/ros/jazzy/opt/sdformat_vendor:/opt/ros/jazzy/opt/gz_math_vendor:/opt/ros/jazzy/opt/gz_utils_vendor:/opt/ros/jazzy/opt/gz_tools_vendor:/opt/ros/jazzy/opt/gz_cmake_vendor:/opt/ros/jazzy DEBUGINFOD_URLS=https://debuginfod.ubuntu.com LD_LIBRARY_PATH=/home/namgeonwoo/COSHOW/ros2_ws/install/crazyflie_interfaces/lib:${LD_LIBRARY_PATH} PYTHONPATH=/home/namgeonwoo/COSHOW/ros2_ws/install/crazyflie_interfaces/lib/python3.12/site-packages:${PYTHONPATH} /usr/bin/cmake /home/namgeonwoo/COSHOW/ros2_ws/src/crazyswarm2/crazyflie_sim -DAMENT_CMAKE_SYMLINK_INSTALL=1 -DCMAKE_INSTALL_PREFIX=/home/namgeonwoo/COSHOW/ros2_ws/install/crazyflie_sim
[16.563s] DEBUG:colcon.colcon_core.event_handler.log_command:Invoking command in '/home/namgeonwoo/COSHOW/ros2_ws/build/crazyflie_sim': AMENT_PREFIX_PATH=/home/namgeonwoo/COSHOW/ros2_ws/install/crazyflie_interfaces:${AMENT_PREFIX_PATH} CMAKE_PREFIX_PATH=/home/namgeonwoo/COSHOW/ros2_ws/install/crazyflie_interfaces:/opt/ros/jazzy/opt/sdformat_vendor:/opt/ros/jazzy/opt/gz_math_vendor:/opt/ros/jazzy/opt/gz_utils_vendor:/opt/ros/jazzy/opt/gz_tools_vendor:/opt/ros/jazzy/opt/gz_cmake_vendor:/opt/ros/jazzy DEBUGINFOD_URLS=https://debuginfod.ubuntu.com LD_LIBRARY_PATH=/home/namgeonwoo/COSHOW/ros2_ws/install/crazyflie_interfaces/lib:${LD_LIBRARY_PATH} PYTHONPATH=/home/namgeonwoo/COSHOW/ros2_ws/install/crazyflie_interfaces/lib/python3.12/site-packages:${PYTHONPATH} /usr/bin/cmake --build /home/namgeonwoo/COSHOW/ros2_ws/build/crazyflie_sim -- -j22 -l22
[17.025s] DEBUG:colcon.colcon_core.event_handler.log_command:Invoked command in '/home/namgeonwoo/COSHOW/ros2_ws/build/crazyflie_sim' returned '0': AMENT_PREFIX_PATH=/home/namgeonwoo/COSHOW/ros2_ws/install/crazyflie_interfaces:${AMENT_PREFIX_PATH} CMAKE_PREFIX_PATH=/home/namgeonwoo/COSHOW/ros2_ws/install/crazyflie_interfaces:/opt/ros/jazzy/opt/sdformat_vendor:/opt/ros/jazzy/opt/gz_math_vendor:/opt/ros/jazzy/opt/gz_utils_vendor:/opt/ros/jazzy/opt/gz_tools_vendor:/opt/ros/jazzy/opt/gz_cmake_vendor:/opt/ros/jazzy DEBUGINFOD_URLS=https://debuginfod.ubuntu.com LD_LIBRARY_PATH=/home/namgeonwoo/COSHOW/ros2_ws/install/crazyflie_interfaces/lib:${LD_LIBRARY_PATH} PYTHONPATH=/home/namgeonwoo/COSHOW/ros2_ws/install/crazyflie_interfaces/lib/python3.12/site-packages:${PYTHONPATH} /usr/bin/cmake --build /home/namgeonwoo/COSHOW/ros2_ws/build/crazyflie_sim -- -j22 -l22
[17.026s] DEBUG:colcon.colcon_core.event_handler.log_command:Invoking command in '/home/namgeonwoo/COSHOW/ros2_ws/build/crazyflie_sim': AMENT_PREFIX_PATH=/home/namgeonwoo/COSHOW/ros2_ws/install/crazyflie_interfaces:${AMENT_PREFIX_PATH} CMAKE_PREFIX_PATH=/home/namgeonwoo/COSHOW/ros2_ws/install/crazyflie_interfaces:/opt/ros/jazzy/opt/sdformat_vendor:/opt/ros/jazzy/opt/gz_math_vendor:/opt/ros/jazzy/opt/gz_utils_vendor:/opt/ros/jazzy/opt/gz_tools_vendor:/opt/ros/jazzy/opt/gz_cmake_vendor:/opt/ros/jazzy DEBUGINFOD_URLS=https://debuginfod.ubuntu.com LD_LIBRARY_PATH=/home/namgeonwoo/COSHOW/ros2_ws/install/crazyflie_interfaces/lib:${LD_LIBRARY_PATH} PYTHONPATH=/home/namgeonwoo/COSHOW/ros2_ws/install/crazyflie_interfaces/lib/python3.12/site-packages:${PYTHONPATH} /usr/bin/cmake --install /home/namgeonwoo/COSHOW/ros2_ws/build/crazyflie_sim
[17.493s] Level 1:colcon.colcon_core.environment:create_environment_scripts_only(crazyflie_sim)
[17.493s] Level 1:colcon.colcon_core.environment:checking '/home/namgeonwoo/COSHOW/ros2_ws/install/crazyflie_sim' for CMake module files
[17.494s] DEBUG:colcon.colcon_core.event_handler.log_command:Invoked command in '/home/namgeonwoo/COSHOW/ros2_ws/build/crazyflie_sim' returned '0': AMENT_PREFIX_PATH=/home/namgeonwoo/COSHOW/ros2_ws/install/crazyflie_interfaces:${AMENT_PREFIX_PATH} CMAKE_PREFIX_PATH=/home/namgeonwoo/COSHOW/ros2_ws/install/crazyflie_interfaces:/opt/ros/jazzy/opt/sdformat_vendor:/opt/ros/jazzy/opt/gz_math_vendor:/opt/ros/jazzy/opt/gz_utils_vendor:/opt/ros/jazzy/opt/gz_tools_vendor:/opt/ros/jazzy/opt/gz_cmake_vendor:/opt/ros/jazzy DEBUGINFOD_URLS=https://debuginfod.ubuntu.com LD_LIBRARY_PATH=/home/namgeonwoo/COSHOW/ros2_ws/install/crazyflie_interfaces/lib:${LD_LIBRARY_PATH} PYTHONPATH=/home/namgeonwoo/COSHOW/ros2_ws/install/crazyflie_interfaces/lib/python3.12/site-packages:${PYTHONPATH} /usr/bin/cmake --install /home/namgeonwoo/COSHOW/ros2_ws/build/crazyflie_sim
[17.494s] Level 1:colcon.colcon_core.environment:checking '/home/namgeonwoo/COSHOW/ros2_ws/install/crazyflie_sim' for CMake config files
[17.495s] Level 1:colcon.colcon_core.shell:create_environment_hook('crazyflie_sim', 'cmake_prefix_path')
[17.495s] INFO:colcon.colcon_core.shell:Creating environment hook '/home/namgeonwoo/COSHOW/ros2_ws/install/crazyflie_sim/share/crazyflie_sim/hook/cmake_prefix_path.ps1'
[17.495s] INFO:colcon.colcon_core.shell:Creating environment descriptor '/home/namgeonwoo/COSHOW/ros2_ws/install/crazyflie_sim/share/crazyflie_sim/hook/cmake_prefix_path.dsv'
[17.495s] INFO:colcon.colcon_core.shell:Creating environment hook '/home/namgeonwoo/COSHOW/ros2_ws/install/crazyflie_sim/share/crazyflie_sim/hook/cmake_prefix_path.sh'
[17.496s] Level 1:colcon.colcon_core.environment:checking '/home/namgeonwoo/COSHOW/ros2_ws/install/crazyflie_sim/lib'
[17.496s] Level 1:colcon.colcon_core.environment:checking '/home/namgeonwoo/COSHOW/ros2_ws/install/crazyflie_sim/bin'
[17.496s] Level 1:colcon.colcon_core.environment:checking '/home/namgeonwoo/COSHOW/ros2_ws/install/crazyflie_sim/lib/pkgconfig/crazyflie_sim.pc'
[17.496s] Level 1:colcon.colcon_core.environment:checking '/home/namgeonwoo/COSHOW/ros2_ws/install/crazyflie_sim/lib/python3.12/site-packages'
[17.496s] Level 1:colcon.colcon_core.shell:create_environment_hook('crazyflie_sim', 'pythonpath')
[17.497s] INFO:colcon.colcon_core.shell:Creating environment hook '/home/namgeonwoo/COSHOW/ros2_ws/install/crazyflie_sim/share/crazyflie_sim/hook/pythonpath.ps1'
[17.497s] INFO:colcon.colcon_core.shell:Creating environment descriptor '/home/namgeonwoo/COSHOW/ros2_ws/install/crazyflie_sim/share/crazyflie_sim/hook/pythonpath.dsv'
[17.497s] INFO:colcon.colcon_core.shell:Creating environment hook '/home/namgeonwoo/COSHOW/ros2_ws/install/crazyflie_sim/share/crazyflie_sim/hook/pythonpath.sh'
[17.497s] Level 1:colcon.colcon_core.environment:checking '/home/namgeonwoo/COSHOW/ros2_ws/install/crazyflie_sim/bin'
[17.498s] INFO:colcon.colcon_core.shell:Creating package script '/home/namgeonwoo/COSHOW/ros2_ws/install/crazyflie_sim/share/crazyflie_sim/package.ps1'
[17.498s] INFO:colcon.colcon_core.shell:Creating package descriptor '/home/namgeonwoo/COSHOW/ros2_ws/install/crazyflie_sim/share/crazyflie_sim/package.dsv'
[17.498s] INFO:colcon.colcon_core.shell:Creating package script '/home/namgeonwoo/COSHOW/ros2_ws/install/crazyflie_sim/share/crazyflie_sim/package.sh'
[17.498s] INFO:colcon.colcon_core.shell:Creating package script '/home/namgeonwoo/COSHOW/ros2_ws/install/crazyflie_sim/share/crazyflie_sim/package.bash'
[17.498s] INFO:colcon.colcon_core.shell:Creating package script '/home/namgeonwoo/COSHOW/ros2_ws/install/crazyflie_sim/share/crazyflie_sim/package.zsh'
[17.499s] Level 1:colcon.colcon_core.environment:create_file_with_runtime_dependencies(/home/namgeonwoo/COSHOW/ros2_ws/install/crazyflie_sim/share/colcon-core/packages/crazyflie_sim)
[17.499s] Level 1:colcon.colcon_core.environment:create_environment_scripts_only(crazyflie_sim)
[17.499s] Level 1:colcon.colcon_core.environment:checking '/home/namgeonwoo/COSHOW/ros2_ws/install/crazyflie_sim' for CMake module files
[17.499s] Level 1:colcon.colcon_core.environment:checking '/home/namgeonwoo/COSHOW/ros2_ws/install/crazyflie_sim' for CMake config files
[17.499s] Level 1:colcon.colcon_core.shell:create_environment_hook('crazyflie_sim', 'cmake_prefix_path')
[17.499s] INFO:colcon.colcon_core.shell:Creating environment hook '/home/namgeonwoo/COSHOW/ros2_ws/install/crazyflie_sim/share/crazyflie_sim/hook/cmake_prefix_path.ps1'
[17.500s] INFO:colcon.colcon_core.shell:Creating environment descriptor '/home/namgeonwoo/COSHOW/ros2_ws/install/crazyflie_sim/share/crazyflie_sim/hook/cmake_prefix_path.dsv'
[17.500s] INFO:colcon.colcon_core.shell:Creating environment hook '/home/namgeonwoo/COSHOW/ros2_ws/install/crazyflie_sim/share/crazyflie_sim/hook/cmake_prefix_path.sh'
[17.500s] Level 1:colcon.colcon_core.environment:checking '/home/namgeonwoo/COSHOW/ros2_ws/install/crazyflie_sim/lib'
[17.500s] Level 1:colcon.colcon_core.environment:checking '/home/namgeonwoo/COSHOW/ros2_ws/install/crazyflie_sim/bin'
[17.500s] Level 1:colcon.colcon_core.environment:checking '/home/namgeonwoo/COSHOW/ros2_ws/install/crazyflie_sim/lib/pkgconfig/crazyflie_sim.pc'
[17.500s] Level 1:colcon.colcon_core.environment:checking '/home/namgeonwoo/COSHOW/ros2_ws/install/crazyflie_sim/lib/python3.12/site-packages'
[17.500s] Level 1:colcon.colcon_core.shell:create_environment_hook('crazyflie_sim', 'pythonpath')
[17.500s] INFO:colcon.colcon_core.shell:Creating environment hook '/home/namgeonwoo/COSHOW/ros2_ws/install/crazyflie_sim/share/crazyflie_sim/hook/pythonpath.ps1'
[17.500s] INFO:colcon.colcon_core.shell:Creating environment descriptor '/home/namgeonwoo/COSHOW/ros2_ws/install/crazyflie_sim/share/crazyflie_sim/hook/pythonpath.dsv'
[17.501s] INFO:colcon.colcon_core.shell:Creating environment hook '/home/namgeonwoo/COSHOW/ros2_ws/install/crazyflie_sim/share/crazyflie_sim/hook/pythonpath.sh'
[17.501s] Level 1:colcon.colcon_core.environment:checking '/home/namgeonwoo/COSHOW/ros2_ws/install/crazyflie_sim/bin'
[17.501s] INFO:colcon.colcon_core.shell:Creating package script '/home/namgeonwoo/COSHOW/ros2_ws/install/crazyflie_sim/share/crazyflie_sim/package.ps1'
[17.502s] INFO:colcon.colcon_core.shell:Creating package descriptor '/home/namgeonwoo/COSHOW/ros2_ws/install/crazyflie_sim/share/crazyflie_sim/package.dsv'
[17.502s] INFO:colcon.colcon_core.shell:Creating package script '/home/namgeonwoo/COSHOW/ros2_ws/install/crazyflie_sim/share/crazyflie_sim/package.sh'
[17.502s] INFO:colcon.colcon_core.shell:Creating package script '/home/namgeonwoo/COSHOW/ros2_ws/install/crazyflie_sim/share/crazyflie_sim/package.bash'
[17.502s] INFO:colcon.colcon_core.shell:Creating package script '/home/namgeonwoo/COSHOW/ros2_ws/install/crazyflie_sim/share/crazyflie_sim/package.zsh'
[17.502s] Level 1:colcon.colcon_core.environment:create_file_with_runtime_dependencies(/home/namgeonwoo/COSHOW/ros2_ws/install/crazyflie_sim/share/colcon-core/packages/crazyflie_sim)
[17.980s] DEBUG:colcon.colcon_core.event_handler.log_command:Invoked command in '/home/namgeonwoo/COSHOW/ros2_ws/build/crazyflie_examples' returned '0': AMENT_PREFIX_PATH=/home/namgeonwoo/COSHOW/ros2_ws/install/crazyflie_py:/home/namgeonwoo/COSHOW/ros2_ws/install/crazyflie_interfaces:${AMENT_PREFIX_PATH} CMAKE_PREFIX_PATH=/home/namgeonwoo/COSHOW/ros2_ws/install/crazyflie_interfaces:/opt/ros/jazzy/opt/sdformat_vendor:/opt/ros/jazzy/opt/gz_math_vendor:/opt/ros/jazzy/opt/gz_utils_vendor:/opt/ros/jazzy/opt/gz_tools_vendor:/opt/ros/jazzy/opt/gz_cmake_vendor:/opt/ros/jazzy DEBUGINFOD_URLS=https://debuginfod.ubuntu.com LD_LIBRARY_PATH=/home/namgeonwoo/COSHOW/ros2_ws/install/crazyflie_interfaces/lib:${LD_LIBRARY_PATH} PYTHONPATH=/home/namgeonwoo/COSHOW/ros2_ws/build/crazyflie_py:/home/namgeonwoo/COSHOW/ros2_ws/install/crazyflie_py/lib/python3.12/site-packages:/home/namgeonwoo/COSHOW/ros2_ws/install/crazyflie_interfaces/lib/python3.12/site-packages:${PYTHONPATH} /usr/bin/cmake /home/namgeonwoo/COSHOW/ros2_ws/src/crazyswarm2/crazyflie_examples -DAMENT_CMAKE_SYMLINK_INSTALL=1 -DCMAKE_INSTALL_PREFIX=/home/namgeonwoo/COSHOW/ros2_ws/install/crazyflie_examples
[17.981s] DEBUG:colcon.colcon_core.event_handler.log_command:Invoking command in '/home/namgeonwoo/COSHOW/ros2_ws/build/crazyflie_examples': AMENT_PREFIX_PATH=/home/namgeonwoo/COSHOW/ros2_ws/install/crazyflie_py:/home/namgeonwoo/COSHOW/ros2_ws/install/crazyflie_interfaces:${AMENT_PREFIX_PATH} CMAKE_PREFIX_PATH=/home/namgeonwoo/COSHOW/ros2_ws/install/crazyflie_interfaces:/opt/ros/jazzy/opt/sdformat_vendor:/opt/ros/jazzy/opt/gz_math_vendor:/opt/ros/jazzy/opt/gz_utils_vendor:/opt/ros/jazzy/opt/gz_tools_vendor:/opt/ros/jazzy/opt/gz_cmake_vendor:/opt/ros/jazzy DEBUGINFOD_URLS=https://debuginfod.ubuntu.com LD_LIBRARY_PATH=/home/namgeonwoo/COSHOW/ros2_ws/install/crazyflie_interfaces/lib:${LD_LIBRARY_PATH} PYTHONPATH=/home/namgeonwoo/COSHOW/ros2_ws/build/crazyflie_py:/home/namgeonwoo/COSHOW/ros2_ws/install/crazyflie_py/lib/python3.12/site-packages:/home/namgeonwoo/COSHOW/ros2_ws/install/crazyflie_interfaces/lib/python3.12/site-packages:${PYTHONPATH} /usr/bin/cmake --build /home/namgeonwoo/COSHOW/ros2_ws/build/crazyflie_examples -- -j22 -l22
[18.445s] DEBUG:colcon.colcon_core.event_handler.log_command:Invoked command in '/home/namgeonwoo/COSHOW/ros2_ws/build/crazyflie_examples' returned '0': AMENT_PREFIX_PATH=/home/namgeonwoo/COSHOW/ros2_ws/install/crazyflie_py:/home/namgeonwoo/COSHOW/ros2_ws/install/crazyflie_interfaces:${AMENT_PREFIX_PATH} CMAKE_PREFIX_PATH=/home/namgeonwoo/COSHOW/ros2_ws/install/crazyflie_interfaces:/opt/ros/jazzy/opt/sdformat_vendor:/opt/ros/jazzy/opt/gz_math_vendor:/opt/ros/jazzy/opt/gz_utils_vendor:/opt/ros/jazzy/opt/gz_tools_vendor:/opt/ros/jazzy/opt/gz_cmake_vendor:/opt/ros/jazzy DEBUGINFOD_URLS=https://debuginfod.ubuntu.com LD_LIBRARY_PATH=/home/namgeonwoo/COSHOW/ros2_ws/install/crazyflie_interfaces/lib:${LD_LIBRARY_PATH} PYTHONPATH=/home/namgeonwoo/COSHOW/ros2_ws/build/crazyflie_py:/home/namgeonwoo/COSHOW/ros2_ws/install/crazyflie_py/lib/python3.12/site-packages:/home/namgeonwoo/COSHOW/ros2_ws/install/crazyflie_interfaces/lib/python3.12/site-packages:${PYTHONPATH} /usr/bin/cmake --build /home/namgeonwoo/COSHOW/ros2_ws/build/crazyflie_examples -- -j22 -l22
[18.446s] DEBUG:colcon.colcon_core.event_handler.log_command:Invoking command in '/home/namgeonwoo/COSHOW/ros2_ws/build/crazyflie_examples': AMENT_PREFIX_PATH=/home/namgeonwoo/COSHOW/ros2_ws/install/crazyflie_py:/home/namgeonwoo/COSHOW/ros2_ws/install/crazyflie_interfaces:${AMENT_PREFIX_PATH} CMAKE_PREFIX_PATH=/home/namgeonwoo/COSHOW/ros2_ws/install/crazyflie_interfaces:/opt/ros/jazzy/opt/sdformat_vendor:/opt/ros/jazzy/opt/gz_math_vendor:/opt/ros/jazzy/opt/gz_utils_vendor:/opt/ros/jazzy/opt/gz_tools_vendor:/opt/ros/jazzy/opt/gz_cmake_vendor:/opt/ros/jazzy DEBUGINFOD_URLS=https://debuginfod.ubuntu.com LD_LIBRARY_PATH=/home/namgeonwoo/COSHOW/ros2_ws/install/crazyflie_interfaces/lib:${LD_LIBRARY_PATH} PYTHONPATH=/home/namgeonwoo/COSHOW/ros2_ws/build/crazyflie_py:/home/namgeonwoo/COSHOW/ros2_ws/install/crazyflie_py/lib/python3.12/site-packages:/home/namgeonwoo/COSHOW/ros2_ws/install/crazyflie_interfaces/lib/python3.12/site-packages:${PYTHONPATH} /usr/bin/cmake --install /home/namgeonwoo/COSHOW/ros2_ws/build/crazyflie_examples
[18.911s] Level 1:colcon.colcon_core.environment:create_environment_scripts_only(crazyflie_examples)
[18.911s] Level 1:colcon.colcon_core.environment:checking '/home/namgeonwoo/COSHOW/ros2_ws/install/crazyflie_examples' for CMake module files
[18.911s] DEBUG:colcon.colcon_core.event_handler.log_command:Invoked command in '/home/namgeonwoo/COSHOW/ros2_ws/build/crazyflie_examples' returned '0': AMENT_PREFIX_PATH=/home/namgeonwoo/COSHOW/ros2_ws/install/crazyflie_py:/home/namgeonwoo/COSHOW/ros2_ws/install/crazyflie_interfaces:${AMENT_PREFIX_PATH} CMAKE_PREFIX_PATH=/home/namgeonwoo/COSHOW/ros2_ws/install/crazyflie_interfaces:/opt/ros/jazzy/opt/sdformat_vendor:/opt/ros/jazzy/opt/gz_math_vendor:/opt/ros/jazzy/opt/gz_utils_vendor:/opt/ros/jazzy/opt/gz_tools_vendor:/opt/ros/jazzy/opt/gz_cmake_vendor:/opt/ros/jazzy DEBUGINFOD_URLS=https://debuginfod.ubuntu.com LD_LIBRARY_PATH=/home/namgeonwoo/COSHOW/ros2_ws/install/crazyflie_interfaces/lib:${LD_LIBRARY_PATH} PYTHONPATH=/home/namgeonwoo/COSHOW/ros2_ws/build/crazyflie_py:/home/namgeonwoo/COSHOW/ros2_ws/install/crazyflie_py/lib/python3.12/site-packages:/home/namgeonwoo/COSHOW/ros2_ws/install/crazyflie_interfaces/lib/python3.12/site-packages:${PYTHONPATH} /usr/bin/cmake --install /home/namgeonwoo/COSHOW/ros2_ws/build/crazyflie_examples
[18.912s] Level 1:colcon.colcon_core.environment:checking '/home/namgeonwoo/COSHOW/ros2_ws/install/crazyflie_examples' for CMake config files
[18.912s] Level 1:colcon.colcon_core.shell:create_environment_hook('crazyflie_examples', 'cmake_prefix_path')
[18.912s] INFO:colcon.colcon_core.shell:Creating environment hook '/home/namgeonwoo/COSHOW/ros2_ws/install/crazyflie_examples/share/crazyflie_examples/hook/cmake_prefix_path.ps1'
[18.913s] INFO:colcon.colcon_core.shell:Creating environment descriptor '/home/namgeonwoo/COSHOW/ros2_ws/install/crazyflie_examples/share/crazyflie_examples/hook/cmake_prefix_path.dsv'
[18.913s] INFO:colcon.colcon_core.shell:Creating environment hook '/home/namgeonwoo/COSHOW/ros2_ws/install/crazyflie_examples/share/crazyflie_examples/hook/cmake_prefix_path.sh'
[18.914s] Level 1:colcon.colcon_core.environment:checking '/home/namgeonwoo/COSHOW/ros2_ws/install/crazyflie_examples/lib'
[18.914s] Level 1:colcon.colcon_core.environment:checking '/home/namgeonwoo/COSHOW/ros2_ws/install/crazyflie_examples/bin'
[18.914s] Level 1:colcon.colcon_core.environment:checking '/home/namgeonwoo/COSHOW/ros2_ws/install/crazyflie_examples/lib/pkgconfig/crazyflie_examples.pc'
[18.914s] Level 1:colcon.colcon_core.environment:checking '/home/namgeonwoo/COSHOW/ros2_ws/install/crazyflie_examples/lib/python3.12/site-packages'
[18.914s] Level 1:colcon.colcon_core.shell:create_environment_hook('crazyflie_examples', 'pythonpath')
[18.914s] INFO:colcon.colcon_core.shell:Creating environment hook '/home/namgeonwoo/COSHOW/ros2_ws/install/crazyflie_examples/share/crazyflie_examples/hook/pythonpath.ps1'
[18.915s] INFO:colcon.colcon_core.shell:Creating environment descriptor '/home/namgeonwoo/COSHOW/ros2_ws/install/crazyflie_examples/share/crazyflie_examples/hook/pythonpath.dsv'
[18.915s] INFO:colcon.colcon_core.shell:Creating environment hook '/home/namgeonwoo/COSHOW/ros2_ws/install/crazyflie_examples/share/crazyflie_examples/hook/pythonpath.sh'
[18.915s] Level 1:colcon.colcon_core.environment:checking '/home/namgeonwoo/COSHOW/ros2_ws/install/crazyflie_examples/bin'
[18.916s] INFO:colcon.colcon_core.shell:Creating package script '/home/namgeonwoo/COSHOW/ros2_ws/install/crazyflie_examples/share/crazyflie_examples/package.ps1'
[18.916s] INFO:colcon.colcon_core.shell:Creating package descriptor '/home/namgeonwoo/COSHOW/ros2_ws/install/crazyflie_examples/share/crazyflie_examples/package.dsv'
[18.917s] INFO:colcon.colcon_core.shell:Creating package script '/home/namgeonwoo/COSHOW/ros2_ws/install/crazyflie_examples/share/crazyflie_examples/package.sh'
[18.917s] INFO:colcon.colcon_core.shell:Creating package script '/home/namgeonwoo/COSHOW/ros2_ws/install/crazyflie_examples/share/crazyflie_examples/package.bash'
[18.917s] INFO:colcon.colcon_core.shell:Creating package script '/home/namgeonwoo/COSHOW/ros2_ws/install/crazyflie_examples/share/crazyflie_examples/package.zsh'
[18.917s] Level 1:colcon.colcon_core.environment:create_file_with_runtime_dependencies(/home/namgeonwoo/COSHOW/ros2_ws/install/crazyflie_examples/share/colcon-core/packages/crazyflie_examples)
[18.918s] Level 1:colcon.colcon_core.environment:create_environment_scripts_only(crazyflie_examples)
[18.918s] Level 1:colcon.colcon_core.environment:checking '/home/namgeonwoo/COSHOW/ros2_ws/install/crazyflie_examples' for CMake module files
[18.918s] Level 1:colcon.colcon_core.environment:checking '/home/namgeonwoo/COSHOW/ros2_ws/install/crazyflie_examples' for CMake config files
[18.919s] Level 1:colcon.colcon_core.shell:create_environment_hook('crazyflie_examples', 'cmake_prefix_path')
[18.919s] INFO:colcon.colcon_core.shell:Creating environment hook '/home/namgeonwoo/COSHOW/ros2_ws/install/crazyflie_examples/share/crazyflie_examples/hook/cmake_prefix_path.ps1'
[18.919s] INFO:colcon.colcon_core.shell:Creating environment descriptor '/home/namgeonwoo/COSHOW/ros2_ws/install/crazyflie_examples/share/crazyflie_examples/hook/cmake_prefix_path.dsv'
[18.919s] INFO:colcon.colcon_core.shell:Creating environment hook '/home/namgeonwoo/COSHOW/ros2_ws/install/crazyflie_examples/share/crazyflie_examples/hook/cmake_prefix_path.sh'
[18.920s] Level 1:colcon.colcon_core.environment:checking '/home/namgeonwoo/COSHOW/ros2_ws/install/crazyflie_examples/lib'
[18.920s] Level 1:colcon.colcon_core.environment:checking '/home/namgeonwoo/COSHOW/ros2_ws/install/crazyflie_examples/bin'
[18.920s] Level 1:colcon.colcon_core.environment:checking '/home/namgeonwoo/COSHOW/ros2_ws/install/crazyflie_examples/lib/pkgconfig/crazyflie_examples.pc'
[18.920s] Level 1:colcon.colcon_core.environment:checking '/home/namgeonwoo/COSHOW/ros2_ws/install/crazyflie_examples/lib/python3.12/site-packages'
[18.920s] Level 1:colcon.colcon_core.shell:create_environment_hook('crazyflie_examples', 'pythonpath')
[18.920s] INFO:colcon.colcon_core.shell:Creating environment hook '/home/namgeonwoo/COSHOW/ros2_ws/install/crazyflie_examples/share/crazyflie_examples/hook/pythonpath.ps1'
[18.921s] INFO:colcon.colcon_core.shell:Creating environment descriptor '/home/namgeonwoo/COSHOW/ros2_ws/install/crazyflie_examples/share/crazyflie_examples/hook/pythonpath.dsv'
[18.921s] INFO:colcon.colcon_core.shell:Creating environment hook '/home/namgeonwoo/COSHOW/ros2_ws/install/crazyflie_examples/share/crazyflie_examples/hook/pythonpath.sh'
[18.922s] Level 1:colcon.colcon_core.environment:checking '/home/namgeonwoo/COSHOW/ros2_ws/install/crazyflie_examples/bin'
[18.922s] INFO:colcon.colcon_core.shell:Creating package script '/home/namgeonwoo/COSHOW/ros2_ws/install/crazyflie_examples/share/crazyflie_examples/package.ps1'
[18.923s] INFO:colcon.colcon_core.shell:Creating package descriptor '/home/namgeonwoo/COSHOW/ros2_ws/install/crazyflie_examples/share/crazyflie_examples/package.dsv'
[18.923s] INFO:colcon.colcon_core.shell:Creating package script '/home/namgeonwoo/COSHOW/ros2_ws/install/crazyflie_examples/share/crazyflie_examples/package.sh'
[18.923s] INFO:colcon.colcon_core.shell:Creating package script '/home/namgeonwoo/COSHOW/ros2_ws/install/crazyflie_examples/share/crazyflie_examples/package.bash'
[18.923s] INFO:colcon.colcon_core.shell:Creating package script '/home/namgeonwoo/COSHOW/ros2_ws/install/crazyflie_examples/share/crazyflie_examples/package.zsh'
[18.923s] Level 1:colcon.colcon_core.environment:create_file_with_runtime_dependencies(/home/namgeonwoo/COSHOW/ros2_ws/install/crazyflie_examples/share/colcon-core/packages/crazyflie_examples)
[49.289s] DEBUG:colcon.colcon_core.event_handler.log_command:Invoked command in '/home/namgeonwoo/COSHOW/ros2_ws/build/crazyflie_server_cpp' returned '0': AMENT_PREFIX_PATH=/home/namgeonwoo/COSHOW/ros2_ws/install/crazyflie_interfaces:${AMENT_PREFIX_PATH} CMAKE_PREFIX_PATH=/home/namgeonwoo/COSHOW/ros2_ws/install/crazyflie_interfaces:/opt/ros/jazzy/opt/sdformat_vendor:/opt/ros/jazzy/opt/gz_math_vendor:/opt/ros/jazzy/opt/gz_utils_vendor:/opt/ros/jazzy/opt/gz_tools_vendor:/opt/ros/jazzy/opt/gz_cmake_vendor:/opt/ros/jazzy DEBUGINFOD_URLS=https://debuginfod.ubuntu.com LD_LIBRARY_PATH=/home/namgeonwoo/COSHOW/ros2_ws/install/crazyflie_interfaces/lib:${LD_LIBRARY_PATH} PYTHONPATH=/home/namgeonwoo/COSHOW/ros2_ws/install/crazyflie_interfaces/lib/python3.12/site-packages:${PYTHONPATH} /usr/bin/cmake --build /home/namgeonwoo/COSHOW/ros2_ws/build/crazyflie_server_cpp -- -j22 -l22
[49.290s] DEBUG:colcon.colcon_core.event_handler.log_command:Invoking command in '/home/namgeonwoo/COSHOW/ros2_ws/build/crazyflie_server_cpp': AMENT_PREFIX_PATH=/home/namgeonwoo/COSHOW/ros2_ws/install/crazyflie_interfaces:${AMENT_PREFIX_PATH} CMAKE_PREFIX_PATH=/home/namgeonwoo/COSHOW/ros2_ws/install/crazyflie_interfaces:/opt/ros/jazzy/opt/sdformat_vendor:/opt/ros/jazzy/opt/gz_math_vendor:/opt/ros/jazzy/opt/gz_utils_vendor:/opt/ros/jazzy/opt/gz_tools_vendor:/opt/ros/jazzy/opt/gz_cmake_vendor:/opt/ros/jazzy DEBUGINFOD_URLS=https://debuginfod.ubuntu.com LD_LIBRARY_PATH=/home/namgeonwoo/COSHOW/ros2_ws/install/crazyflie_interfaces/lib:${LD_LIBRARY_PATH} PYTHONPATH=/home/namgeonwoo/COSHOW/ros2_ws/install/crazyflie_interfaces/lib/python3.12/site-packages:${PYTHONPATH} /usr/bin/cmake --install /home/namgeonwoo/COSHOW/ros2_ws/build/crazyflie_server_cpp
[49.476s] Level 1:colcon.colcon_core.environment:create_environment_scripts_only(crazyflie_server_cpp)
[49.476s] Level 1:colcon.colcon_core.environment:checking '/home/namgeonwoo/COSHOW/ros2_ws/install/crazyflie_server_cpp' for CMake module files
[49.477s] DEBUG:colcon.colcon_core.event_handler.log_command:Invoked command in '/home/namgeonwoo/COSHOW/ros2_ws/build/crazyflie_server_cpp' returned '0': AMENT_PREFIX_PATH=/home/namgeonwoo/COSHOW/ros2_ws/install/crazyflie_interfaces:${AMENT_PREFIX_PATH} CMAKE_PREFIX_PATH=/home/namgeonwoo/COSHOW/ros2_ws/install/crazyflie_interfaces:/opt/ros/jazzy/opt/sdformat_vendor:/opt/ros/jazzy/opt/gz_math_vendor:/opt/ros/jazzy/opt/gz_utils_vendor:/opt/ros/jazzy/opt/gz_tools_vendor:/opt/ros/jazzy/opt/gz_cmake_vendor:/opt/ros/jazzy DEBUGINFOD_URLS=https://debuginfod.ubuntu.com LD_LIBRARY_PATH=/home/namgeonwoo/COSHOW/ros2_ws/install/crazyflie_interfaces/lib:${LD_LIBRARY_PATH} PYTHONPATH=/home/namgeonwoo/COSHOW/ros2_ws/install/crazyflie_interfaces/lib/python3.12/site-packages:${PYTHONPATH} /usr/bin/cmake --install /home/namgeonwoo/COSHOW/ros2_ws/build/crazyflie_server_cpp
[49.477s] Level 1:colcon.colcon_core.environment:checking '/home/namgeonwoo/COSHOW/ros2_ws/install/crazyflie_server_cpp' for CMake config files
[49.478s] Level 1:colcon.colcon_core.shell:create_environment_hook('crazyflie_server_cpp', 'cmake_prefix_path')
[49.478s] INFO:colcon.colcon_core.shell:Creating environment hook '/home/namgeonwoo/COSHOW/ros2_ws/install/crazyflie_server_cpp/share/crazyflie_server_cpp/hook/cmake_prefix_path.ps1'
[49.478s] INFO:colcon.colcon_core.shell:Creating environment descriptor '/home/namgeonwoo/COSHOW/ros2_ws/install/crazyflie_server_cpp/share/crazyflie_server_cpp/hook/cmake_prefix_path.dsv'
[49.479s] INFO:colcon.colcon_core.shell:Creating environment hook '/home/namgeonwoo/COSHOW/ros2_ws/install/crazyflie_server_cpp/share/crazyflie_server_cpp/hook/cmake_prefix_path.sh'
[49.479s] Level 1:colcon.colcon_core.environment:checking '/home/namgeonwoo/COSHOW/ros2_ws/install/crazyflie_server_cpp/lib'
[49.480s] Level 1:colcon.colcon_core.environment:checking '/home/namgeonwoo/COSHOW/ros2_ws/install/crazyflie_server_cpp/bin'
[49.480s] Level 1:colcon.colcon_core.environment:checking '/home/namgeonwoo/COSHOW/ros2_ws/install/crazyflie_server_cpp/lib/pkgconfig/crazyflie_server_cpp.pc'
[49.480s] Level 1:colcon.colcon_core.environment:checking '/home/namgeonwoo/COSHOW/ros2_ws/install/crazyflie_server_cpp/lib/python3.12/site-packages'
[49.480s] Level 1:colcon.colcon_core.environment:checking '/home/namgeonwoo/COSHOW/ros2_ws/install/crazyflie_server_cpp/bin'
[49.480s] INFO:colcon.colcon_core.shell:Creating package script '/home/namgeonwoo/COSHOW/ros2_ws/install/crazyflie_server_cpp/share/crazyflie_server_cpp/package.ps1'
[49.481s] INFO:colcon.colcon_core.shell:Creating package descriptor '/home/namgeonwoo/COSHOW/ros2_ws/install/crazyflie_server_cpp/share/crazyflie_server_cpp/package.dsv'
[49.481s] INFO:colcon.colcon_core.shell:Creating package script '/home/namgeonwoo/COSHOW/ros2_ws/install/crazyflie_server_cpp/share/crazyflie_server_cpp/package.sh'
[49.481s] INFO:colcon.colcon_core.shell:Creating package script '/home/namgeonwoo/COSHOW/ros2_ws/install/crazyflie_server_cpp/share/crazyflie_server_cpp/package.bash'
[49.481s] INFO:colcon.colcon_core.shell:Creating package script '/home/namgeonwoo/COSHOW/ros2_ws/install/crazyflie_server_cpp/share/crazyflie_server_cpp/package.zsh'
[49.481s] Level 1:colcon.colcon_core.environment:create_file_with_runtime_dependencies(/home/namgeonwoo/COSHOW/ros2_ws/install/crazyflie_server_cpp/share/colcon-core/packages/crazyflie_server_cpp)
[49.482s] Level 1:colcon.colcon_core.environment:create_environment_scripts_only(crazyflie_server_cpp)
[49.482s] Level 1:colcon.colcon_core.environment:checking '/home/namgeonwoo/COSHOW/ros2_ws/install/crazyflie_server_cpp' for CMake module files
[49.482s] Level 1:colcon.colcon_core.environment:checking '/home/namgeonwoo/COSHOW/ros2_ws/install/crazyflie_server_cpp' for CMake config files
[49.482s] Level 1:colcon.colcon_core.shell:create_environment_hook('crazyflie_server_cpp', 'cmake_prefix_path')
[49.482s] INFO:colcon.colcon_core.shell:Creating environment hook '/home/namgeonwoo/COSHOW/ros2_ws/install/crazyflie_server_cpp/share/crazyflie_server_cpp/hook/cmake_prefix_path.ps1'
[49.482s] INFO:colcon.colcon_core.shell:Creating environment descriptor '/home/namgeonwoo/COSHOW/ros2_ws/install/crazyflie_server_cpp/share/crazyflie_server_cpp/hook/cmake_prefix_path.dsv'
[49.483s] INFO:colcon.colcon_core.shell:Creating environment hook '/home/namgeonwoo/COSHOW/ros2_ws/install/crazyflie_server_cpp/share/crazyflie_server_cpp/hook/cmake_prefix_path.sh'
[49.483s] Level 1:colcon.colcon_core.environment:checking '/home/namgeonwoo/COSHOW/ros2_ws/install/crazyflie_server_cpp/lib'
[49.483s] Level 1:colcon.colcon_core.environment:checking '/home/namgeonwoo/COSHOW/ros2_ws/install/crazyflie_server_cpp/bin'
[49.483s] Level 1:colcon.colcon_core.environment:checking '/home/namgeonwoo/COSHOW/ros2_ws/install/crazyflie_server_cpp/lib/pkgconfig/crazyflie_server_cpp.pc'
[49.483s] Level 1:colcon.colcon_core.environment:checking '/home/namgeonwoo/COSHOW/ros2_ws/install/crazyflie_server_cpp/lib/python3.12/site-packages'
[49.484s] Level 1:colcon.colcon_core.environment:checking '/home/namgeonwoo/COSHOW/ros2_ws/install/crazyflie_server_cpp/bin'
[49.484s] INFO:colcon.colcon_core.shell:Creating package script '/home/namgeonwoo/COSHOW/ros2_ws/install/crazyflie_server_cpp/share/crazyflie_server_cpp/package.ps1'
[49.485s] INFO:colcon.colcon_core.shell:Creating package descriptor '/home/namgeonwoo/COSHOW/ros2_ws/install/crazyflie_server_cpp/share/crazyflie_server_cpp/package.dsv'
[49.485s] INFO:colcon.colcon_core.shell:Creating package script '/home/namgeonwoo/COSHOW/ros2_ws/install/crazyflie_server_cpp/share/crazyflie_server_cpp/package.sh'
[49.485s] INFO:colcon.colcon_core.shell:Creating package script '/home/namgeonwoo/COSHOW/ros2_ws/install/crazyflie_server_cpp/share/crazyflie_server_cpp/package.bash'
[49.486s] INFO:colcon.colcon_core.shell:Creating package script '/home/namgeonwoo/COSHOW/ros2_ws/install/crazyflie_server_cpp/share/crazyflie_server_cpp/package.zsh'
[49.486s] Level 1:colcon.colcon_core.environment:create_file_with_runtime_dependencies(/home/namgeonwoo/COSHOW/ros2_ws/install/crazyflie_server_cpp/share/colcon-core/packages/crazyflie_server_cpp)
[49.486s] INFO:colcon.colcon_ros.task.ament_cmake.build:Building ROS package in '/home/namgeonwoo/COSHOW/ros2_ws/src/crazyswarm2/crazyflie' with build type 'ament_cmake'
[49.486s] INFO:colcon.colcon_cmake.task.cmake.build:Building CMake package in '/home/namgeonwoo/COSHOW/ros2_ws/src/crazyswarm2/crazyflie'
[49.486s] INFO:colcon.colcon_core.shell:Skip shell extension 'powershell' for command environment: Not usable outside of PowerShell
[49.486s] DEBUG:colcon.colcon_core.shell:Skip shell extension 'dsv' for command environment
[49.500s] DEBUG:colcon.colcon_core.event_handler.log_command:Invoking command in '/home/namgeonwoo/COSHOW/ros2_ws/build/crazyflie': AMENT_PREFIX_PATH=/home/namgeonwoo/COSHOW/ros2_ws/install/crazyflie_server_cpp:/home/namgeonwoo/COSHOW/ros2_ws/install/crazyflie_interfaces:/home/namgeonwoo/COSHOW/ros2_ws/install/crazyflie_description:${AMENT_PREFIX_PATH} CMAKE_PREFIX_PATH=/home/namgeonwoo/COSHOW/ros2_ws/install/crazyflie_server_cpp:/home/namgeonwoo/COSHOW/ros2_ws/install/crazyflie_interfaces:/home/namgeonwoo/COSHOW/ros2_ws/install/crazyflie_description:/opt/ros/jazzy/opt/sdformat_vendor:/opt/ros/jazzy/opt/gz_math_vendor:/opt/ros/jazzy/opt/gz_utils_vendor:/opt/ros/jazzy/opt/gz_tools_vendor:/opt/ros/jazzy/opt/gz_cmake_vendor:/opt/ros/jazzy DEBUGINFOD_URLS=https://debuginfod.ubuntu.com LD_LIBRARY_PATH=/home/namgeonwoo/COSHOW/ros2_ws/install/crazyflie_interfaces/lib:${LD_LIBRARY_PATH} PYTHONPATH=/home/namgeonwoo/COSHOW/ros2_ws/install/crazyflie_interfaces/lib/python3.12/site-packages:${PYTHONPATH} /usr/bin/cmake /home/namgeonwoo/COSHOW/ros2_ws/src/crazyswarm2/crazyflie -DAMENT_CMAKE_SYMLINK_INSTALL=1 -DCMAKE_INSTALL_PREFIX=/home/namgeonwoo/COSHOW/ros2_ws/install/crazyflie
[50.428s] DEBUG:colcon.colcon_core.event_handler.log_command:Invoked command in '/home/namgeonwoo/COSHOW/ros2_ws/build/crazyflie' returned '0': AMENT_PREFIX_PATH=/home/namgeonwoo/COSHOW/ros2_ws/install/crazyflie_server_cpp:/home/namgeonwoo/COSHOW/ros2_ws/install/crazyflie_interfaces:/home/namgeonwoo/COSHOW/ros2_ws/install/crazyflie_description:${AMENT_PREFIX_PATH} CMAKE_PREFIX_PATH=/home/namgeonwoo/COSHOW/ros2_ws/install/crazyflie_server_cpp:/home/namgeonwoo/COSHOW/ros2_ws/install/crazyflie_interfaces:/home/namgeonwoo/COSHOW/ros2_ws/install/crazyflie_description:/opt/ros/jazzy/opt/sdformat_vendor:/opt/ros/jazzy/opt/gz_math_vendor:/opt/ros/jazzy/opt/gz_utils_vendor:/opt/ros/jazzy/opt/gz_tools_vendor:/opt/ros/jazzy/opt/gz_cmake_vendor:/opt/ros/jazzy DEBUGINFOD_URLS=https://debuginfod.ubuntu.com LD_LIBRARY_PATH=/home/namgeonwoo/COSHOW/ros2_ws/install/crazyflie_interfaces/lib:${LD_LIBRARY_PATH} PYTHONPATH=/home/namgeonwoo/COSHOW/ros2_ws/install/crazyflie_interfaces/lib/python3.12/site-packages:${PYTHONPATH} /usr/bin/cmake /home/namgeonwoo/COSHOW/ros2_ws/src/crazyswarm2/crazyflie -DAMENT_CMAKE_SYMLINK_INSTALL=1 -DCMAKE_INSTALL_PREFIX=/home/namgeonwoo/COSHOW/ros2_ws/install/crazyflie
[50.431s] DEBUG:colcon.colcon_core.event_handler.log_command:Invoking command in '/home/namgeonwoo/COSHOW/ros2_ws/build/crazyflie': AMENT_PREFIX_PATH=/home/namgeonwoo/COSHOW/ros2_ws/install/crazyflie_server_cpp:/home/namgeonwoo/COSHOW/ros2_ws/install/crazyflie_interfaces:/home/namgeonwoo/COSHOW/ros2_ws/install/crazyflie_description:${AMENT_PREFIX_PATH} CMAKE_PREFIX_PATH=/home/namgeonwoo/COSHOW/ros2_ws/install/crazyflie_server_cpp:/home/namgeonwoo/COSHOW/ros2_ws/install/crazyflie_interfaces:/home/namgeonwoo/COSHOW/ros2_ws/install/crazyflie_description:/opt/ros/jazzy/opt/sdformat_vendor:/opt/ros/jazzy/opt/gz_math_vendor:/opt/ros/jazzy/opt/gz_utils_vendor:/opt/ros/jazzy/opt/gz_tools_vendor:/opt/ros/jazzy/opt/gz_cmake_vendor:/opt/ros/jazzy DEBUGINFOD_URLS=https://debuginfod.ubuntu.com LD_LIBRARY_PATH=/home/namgeonwoo/COSHOW/ros2_ws/install/crazyflie_interfaces/lib:${LD_LIBRARY_PATH} PYTHONPATH=/home/namgeonwoo/COSHOW/ros2_ws/install/crazyflie_interfaces/lib/python3.12/site-packages:${PYTHONPATH} /usr/bin/cmake --build /home/namgeonwoo/COSHOW/ros2_ws/build/crazyflie -- -j22 -l22
[61.220s] DEBUG:colcon.colcon_core.event_handler.log_command:Invoked command in '/home/namgeonwoo/COSHOW/ros2_ws/build/crazyflie' returned '0': AMENT_PREFIX_PATH=/home/namgeonwoo/COSHOW/ros2_ws/install/crazyflie_server_cpp:/home/namgeonwoo/COSHOW/ros2_ws/install/crazyflie_interfaces:/home/namgeonwoo/COSHOW/ros2_ws/install/crazyflie_description:${AMENT_PREFIX_PATH} CMAKE_PREFIX_PATH=/home/namgeonwoo/COSHOW/ros2_ws/install/crazyflie_server_cpp:/home/namgeonwoo/COSHOW/ros2_ws/install/crazyflie_interfaces:/home/namgeonwoo/COSHOW/ros2_ws/install/crazyflie_description:/opt/ros/jazzy/opt/sdformat_vendor:/opt/ros/jazzy/opt/gz_math_vendor:/opt/ros/jazzy/opt/gz_utils_vendor:/opt/ros/jazzy/opt/gz_tools_vendor:/opt/ros/jazzy/opt/gz_cmake_vendor:/opt/ros/jazzy DEBUGINFOD_URLS=https://debuginfod.ubuntu.com LD_LIBRARY_PATH=/home/namgeonwoo/COSHOW/ros2_ws/install/crazyflie_interfaces/lib:${LD_LIBRARY_PATH} PYTHONPATH=/home/namgeonwoo/COSHOW/ros2_ws/install/crazyflie_interfaces/lib/python3.12/site-packages:${PYTHONPATH} /usr/bin/cmake --build /home/namgeonwoo/COSHOW/ros2_ws/build/crazyflie -- -j22 -l22
[61.222s] DEBUG:colcon.colcon_core.event_handler.log_command:Invoking command in '/home/namgeonwoo/COSHOW/ros2_ws/build/crazyflie': AMENT_PREFIX_PATH=/home/namgeonwoo/COSHOW/ros2_ws/install/crazyflie_server_cpp:/home/namgeonwoo/COSHOW/ros2_ws/install/crazyflie_interfaces:/home/namgeonwoo/COSHOW/ros2_ws/install/crazyflie_description:${AMENT_PREFIX_PATH} CMAKE_PREFIX_PATH=/home/namgeonwoo/COSHOW/ros2_ws/install/crazyflie_server_cpp:/home/namgeonwoo/COSHOW/ros2_ws/install/crazyflie_interfaces:/home/namgeonwoo/COSHOW/ros2_ws/install/crazyflie_description:/opt/ros/jazzy/opt/sdformat_vendor:/opt/ros/jazzy/opt/gz_math_vendor:/opt/ros/jazzy/opt/gz_utils_vendor:/opt/ros/jazzy/opt/gz_tools_vendor:/opt/ros/jazzy/opt/gz_cmake_vendor:/opt/ros/jazzy DEBUGINFOD_URLS=https://debuginfod.ubuntu.com LD_LIBRARY_PATH=/home/namgeonwoo/COSHOW/ros2_ws/install/crazyflie_interfaces/lib:${LD_LIBRARY_PATH} PYTHONPATH=/home/namgeonwoo/COSHOW/ros2_ws/install/crazyflie_interfaces/lib/python3.12/site-packages:${PYTHONPATH} /usr/bin/cmake --install /home/namgeonwoo/COSHOW/ros2_ws/build/crazyflie
[61.413s] Level 1:colcon.colcon_core.environment:create_environment_scripts_only(crazyflie)
[61.413s] DEBUG:colcon.colcon_core.event_handler.log_command:Invoked command in '/home/namgeonwoo/COSHOW/ros2_ws/build/crazyflie' returned '0': AMENT_PREFIX_PATH=/home/namgeonwoo/COSHOW/ros2_ws/install/crazyflie_server_cpp:/home/namgeonwoo/COSHOW/ros2_ws/install/crazyflie_interfaces:/home/namgeonwoo/COSHOW/ros2_ws/install/crazyflie_description:${AMENT_PREFIX_PATH} CMAKE_PREFIX_PATH=/home/namgeonwoo/COSHOW/ros2_ws/install/crazyflie_server_cpp:/home/namgeonwoo/COSHOW/ros2_ws/install/crazyflie_interfaces:/home/namgeonwoo/COSHOW/ros2_ws/install/crazyflie_description:/opt/ros/jazzy/opt/sdformat_vendor:/opt/ros/jazzy/opt/gz_math_vendor:/opt/ros/jazzy/opt/gz_utils_vendor:/opt/ros/jazzy/opt/gz_tools_vendor:/opt/ros/jazzy/opt/gz_cmake_vendor:/opt/ros/jazzy DEBUGINFOD_URLS=https://debuginfod.ubuntu.com LD_LIBRARY_PATH=/home/namgeonwoo/COSHOW/ros2_ws/install/crazyflie_interfaces/lib:${LD_LIBRARY_PATH} PYTHONPATH=/home/namgeonwoo/COSHOW/ros2_ws/install/crazyflie_interfaces/lib/python3.12/site-packages:${PYTHONPATH} /usr/bin/cmake --install /home/namgeonwoo/COSHOW/ros2_ws/build/crazyflie
[61.414s] Level 1:colcon.colcon_core.environment:checking '/home/namgeonwoo/COSHOW/ros2_ws/install/crazyflie' for CMake module files
[61.415s] Level 1:colcon.colcon_core.environment:checking '/home/namgeonwoo/COSHOW/ros2_ws/install/crazyflie' for CMake config files
[61.416s] Level 1:colcon.colcon_core.shell:create_environment_hook('crazyflie', 'cmake_prefix_path')
[61.416s] INFO:colcon.colcon_core.shell:Creating environment hook '/home/namgeonwoo/COSHOW/ros2_ws/install/crazyflie/share/crazyflie/hook/cmake_prefix_path.ps1'
[61.416s] INFO:colcon.colcon_core.shell:Creating environment descriptor '/home/namgeonwoo/COSHOW/ros2_ws/install/crazyflie/share/crazyflie/hook/cmake_prefix_path.dsv'
[61.417s] INFO:colcon.colcon_core.shell:Creating environment hook '/home/namgeonwoo/COSHOW/ros2_ws/install/crazyflie/share/crazyflie/hook/cmake_prefix_path.sh'
[61.417s] Level 1:colcon.colcon_core.environment:checking '/home/namgeonwoo/COSHOW/ros2_ws/install/crazyflie/lib'
[61.418s] Level 1:colcon.colcon_core.environment:checking '/home/namgeonwoo/COSHOW/ros2_ws/install/crazyflie/bin'
[61.418s] Level 1:colcon.colcon_core.environment:checking '/home/namgeonwoo/COSHOW/ros2_ws/install/crazyflie/lib/pkgconfig/crazyflie.pc'
[61.418s] Level 1:colcon.colcon_core.environment:checking '/home/namgeonwoo/COSHOW/ros2_ws/install/crazyflie/lib/python3.12/site-packages'
[61.419s] Level 1:colcon.colcon_core.environment:checking '/home/namgeonwoo/COSHOW/ros2_ws/install/crazyflie/bin'
[61.419s] INFO:colcon.colcon_core.shell:Creating package script '/home/namgeonwoo/COSHOW/ros2_ws/install/crazyflie/share/crazyflie/package.ps1'
[61.419s] INFO:colcon.colcon_core.shell:Creating package descriptor '/home/namgeonwoo/COSHOW/ros2_ws/install/crazyflie/share/crazyflie/package.dsv'
[61.420s] INFO:colcon.colcon_core.shell:Creating package script '/home/namgeonwoo/COSHOW/ros2_ws/install/crazyflie/share/crazyflie/package.sh'
[61.420s] INFO:colcon.colcon_core.shell:Creating package script '/home/namgeonwoo/COSHOW/ros2_ws/install/crazyflie/share/crazyflie/package.bash'
[61.420s] INFO:colcon.colcon_core.shell:Creating package script '/home/namgeonwoo/COSHOW/ros2_ws/install/crazyflie/share/crazyflie/package.zsh'
[61.420s] Level 1:colcon.colcon_core.environment:create_file_with_runtime_dependencies(/home/namgeonwoo/COSHOW/ros2_ws/install/crazyflie/share/colcon-core/packages/crazyflie)
[61.421s] Level 1:colcon.colcon_core.environment:create_environment_scripts_only(crazyflie)
[61.421s] Level 1:colcon.colcon_core.environment:checking '/home/namgeonwoo/COSHOW/ros2_ws/install/crazyflie' for CMake module files
[61.421s] Level 1:colcon.colcon_core.environment:checking '/home/namgeonwoo/COSHOW/ros2_ws/install/crazyflie' for CMake config files
[61.421s] Level 1:colcon.colcon_core.shell:create_environment_hook('crazyflie', 'cmake_prefix_path')
[61.421s] INFO:colcon.colcon_core.shell:Creating environment hook '/home/namgeonwoo/COSHOW/ros2_ws/install/crazyflie/share/crazyflie/hook/cmake_prefix_path.ps1'
[61.421s] INFO:colcon.colcon_core.shell:Creating environment descriptor '/home/namgeonwoo/COSHOW/ros2_ws/install/crazyflie/share/crazyflie/hook/cmake_prefix_path.dsv'
[61.421s] INFO:colcon.colcon_core.shell:Creating environment hook '/home/namgeonwoo/COSHOW/ros2_ws/install/crazyflie/share/crazyflie/hook/cmake_prefix_path.sh'
[61.422s] Level 1:colcon.colcon_core.environment:checking '/home/namgeonwoo/COSHOW/ros2_ws/install/crazyflie/lib'
[61.422s] Level 1:colcon.colcon_core.environment:checking '/home/namgeonwoo/COSHOW/ros2_ws/install/crazyflie/bin'
[61.422s] Level 1:colcon.colcon_core.environment:checking '/home/namgeonwoo/COSHOW/ros2_ws/install/crazyflie/lib/pkgconfig/crazyflie.pc'
[61.422s] Level 1:colcon.colcon_core.environment:checking '/home/namgeonwoo/COSHOW/ros2_ws/install/crazyflie/lib/python3.12/site-packages'
[61.422s] Level 1:colcon.colcon_core.environment:checking '/home/namgeonwoo/COSHOW/ros2_ws/install/crazyflie/bin'
[61.422s] INFO:colcon.colcon_core.shell:Creating package script '/home/namgeonwoo/COSHOW/ros2_ws/install/crazyflie/share/crazyflie/package.ps1'
[61.422s] INFO:colcon.colcon_core.shell:Creating package descriptor '/home/namgeonwoo/COSHOW/ros2_ws/install/crazyflie/share/crazyflie/package.dsv'
[61.423s] INFO:colcon.colcon_core.shell:Creating package script '/home/namgeonwoo/COSHOW/ros2_ws/install/crazyflie/share/crazyflie/package.sh'
[61.423s] INFO:colcon.colcon_core.shell:Creating package script '/home/namgeonwoo/COSHOW/ros2_ws/install/crazyflie/share/crazyflie/package.bash'
[61.423s] INFO:colcon.colcon_core.shell:Creating package script '/home/namgeonwoo/COSHOW/ros2_ws/install/crazyflie/share/crazyflie/package.zsh'
[61.423s] Level 1:colcon.colcon_core.environment:create_file_with_runtime_dependencies(/home/namgeonwoo/COSHOW/ros2_ws/install/crazyflie/share/colcon-core/packages/crazyflie)
[61.423s] DEBUG:colcon.colcon_parallel_executor.executor.parallel:closing loop
[61.424s] DEBUG:colcon.colcon_parallel_executor.executor.parallel:loop closed
[61.424s] DEBUG:colcon.colcon_parallel_executor.executor.parallel:run_until_complete finished with '0'
[61.424s] DEBUG:colcon.colcon_core.event_reactor:joining thread
[61.429s] INFO:colcon.colcon_core.plugin_system:Skipping extension 'colcon_notification.desktop_notification.terminal_notifier': Not used on non-Darwin systems
[61.429s] INFO:colcon.colcon_core.plugin_system:Skipping extension 'colcon_notification.desktop_notification.win32': Not used on non-Windows systems
[61.429s] INFO:colcon.colcon_notification.desktop_notification:Sending desktop notification using 'notify2'
[61.447s] DEBUG:colcon.colcon_core.event_reactor:joined thread
[61.447s] INFO:colcon.colcon_core.shell:Creating prefix script '/home/namgeonwoo/COSHOW/ros2_ws/install/local_setup.ps1'
[61.448s] INFO:colcon.colcon_core.shell:Creating prefix util module '/home/namgeonwoo/COSHOW/ros2_ws/install/_local_setup_util_ps1.py'
[61.449s] INFO:colcon.colcon_core.shell:Creating prefix chain script '/home/namgeonwoo/COSHOW/ros2_ws/install/setup.ps1'
[61.449s] INFO:colcon.colcon_core.shell:Creating prefix script '/home/namgeonwoo/COSHOW/ros2_ws/install/local_setup.sh'
[61.449s] INFO:colcon.colcon_core.shell:Creating prefix util module '/home/namgeonwoo/COSHOW/ros2_ws/install/_local_setup_util_sh.py'
[61.450s] INFO:colcon.colcon_core.shell:Creating prefix chain script '/home/namgeonwoo/COSHOW/ros2_ws/install/setup.sh'
[61.450s] INFO:colcon.colcon_core.shell:Creating prefix script '/home/namgeonwoo/COSHOW/ros2_ws/install/local_setup.bash'
[61.450s] INFO:colcon.colcon_core.shell:Creating prefix chain script '/home/namgeonwoo/COSHOW/ros2_ws/install/setup.bash'
[61.451s] INFO:colcon.colcon_core.shell:Creating prefix script '/home/namgeonwoo/COSHOW/ros2_ws/install/local_setup.zsh'
[61.451s] INFO:colcon.colcon_core.shell:Creating prefix chain script '/home/namgeonwoo/COSHOW/ros2_ws/install/setup.zsh'
